{
"type": "FeatureCollection",
"name": "neighbourhoods",
"features": [
{ "type": "Feature", "properties": { "pc": 0.02818, "ty": "Mature", "ut": 193.0, "pt": 60, "pg": -0.3519, "p21": 6325.0, "rs": 2129, "di": "North Central", "yb": 1943, "p71": 9760.0, "id": 1010, "wd": "Métis", "nm": "Alberta Avenue" }, "geometry": { "type": "Polygon", "coordinates": [ [ [ -113.49226, 53.57662 ], [ -113.49228, 53.57091 ], [ -113.49203, 53.57038 ], [ -113.49182, 53.56991 ], [ -113.49173, 53.55947 ], [ -113.49185, 53.55902 ], [ -113.48951, 53.55919 ], [ -113.48639, 53.56024 ], [ -113.48264, 53.56056 ], [ -113.47964, 53.56109 ], [ -113.47814, 53.56103 ], [ -113.47823, 53.57039 ], [ -113.47796, 53.57039 ], [ -113.47797, 53.57672 ], [ -113.47962, 53.57662 ], [ -113.49226, 53.57662 ] ] ] } },
{ "type": "Feature", "properties": { "pc": 0.00091, "ty": "Between mature and Henday", "ut": 1.0, "pt": 1, "pg": null, "p21": 5260.0, "rs": 1098, "di": "West Edmonton", "yb": 1979, "p71": null, "id": 4020, "wd": "Nakota Isga", "nm": "Aldergrove" }, "geometry": { "type": "Polygon", "coordinates": [ [ [ -113.65209, 53.52128 ], [ -113.65207, 53.5122 ], [ -113.62991, 53.51217 ], [ -113.63005, 53.51489 ], [ -113.63064, 53.51914 ], [ -113.63047, 53.52129 ], [ -113.63359, 53.52153 ], [ -113.63713, 53.5216 ], [ -113.65209, 53.52128 ] ] ] } },
{ "type": "Feature", "properties": { "pc": 0.05695, "ty": "Mature", "ut": 163.0, "pt": 50, "pg": -0.2011, "p21": 2840.0, "rs": 878, "di": "Scona", "yb": 1958, "p71": 3555.0, "id": 5010, "wd": "papastew", "nm": "Allendale" }, "geometry": { "type": "Polygon", "coordinates": [ [ [ -113.49766, 53.50637 ], [ -113.50442, 53.50634 ], [ -113.50442, 53.50658 ], [ -113.51202, 53.50657 ], [ -113.51199, 53.49916 ], [ -113.5119, 53.49822 ], [ -113.50441, 53.49817 ], [ -113.49764, 53.49798 ], [ -113.49766, 53.50637 ] ] ] } },
{ "type": "Feature", "properties": { "pc": 0.0, "ty": "Mature", "ut": 0.0, "pt": 0, "pg": -0.304, "p21": 790.0, "rs": 332, "di": "Scona", "yb": 1955, "p71": 1135.0, "id": 6010, "wd": "papastew", "nm": "Argyll" }, "geometry": { "type": "Polygon", "coordinates": [ [ [ -113.46601, 53.50289 ], [ -113.46689, 53.50289 ], [ -113.4666, 53.49988 ], [ -113.45954, 53.49999 ], [ -113.45381, 53.50283 ], [ -113.4552, 53.50299 ], [ -113.45692, 53.50406 ], [ -113.45933, 53.50457 ], [ -113.45933, 53.50549 ], [ -113.46098, 53.50632 ], [ -113.46601, 53.50289 ] ] ] } },
{ "type": "Feature", "properties": { "pc": 0.00573, "ty": "Mature", "ut": 12.0, "pt": 3, "pg": -0.247, "p21": 1570.0, "rs": 524, "di": "Whitemud", "yb": 1966, "p71": 2085.0, "id": 5020, "wd": "papastew", "nm": "Aspen Gardens" }, "geometry": { "type": "Polygon", "coordinates": [ [ [ -113.54118, 53.48226 ], [ -113.54586, 53.48234 ], [ -113.54223, 53.48089 ], [ -113.54252, 53.48005 ], [ -113.54511, 53.48109 ], [ -113.54628, 53.48107 ], [ -113.54974, 53.47942 ], [ -113.55045, 53.4797 ], [ -113.5518, 53.47858 ], [ -113.55256, 53.47751 ], [ -113.55175, 53.47681 ], [ -113.55233, 53.47612 ], [ -113.55182, 53.47497 ], [ -113.55067, 53.47458 ], [ -113.55044, 53.47408 ], [ -113.54331, 53.47407 ], [ -113.54331, 53.47303 ], [ -113.54097, 53.47266 ], [ -113.53867, 53.47267 ], [ -113.53864, 53.47634 ], [ -113.53908, 53.47879 ], [ -113.54069, 53.48013 ], [ -113.54118, 53.48226 ] ] ] } },
{ "type": "Feature", "properties": { "pc": 0.00811, "ty": "Mature", "ut": 28.0, "pt": 8, "pg": 0.0078, "p21": 3240.0, "rs": 986, "di": "Northwest", "yb": 1967, "p71": 3215.0, "id": 3010, "wd": "Anirniq", "nm": "Athlone" }, "geometry": { "type": "Polygon", "coordinates": [ [ [ -113.54117, 53.59219 ], [ -113.55349, 53.59221 ], [ -113.55604, 53.59231 ], [ -113.56236, 53.5923 ], [ -113.56254, 53.59219 ], [ -113.56294, 53.59099 ], [ -113.56196, 53.58999 ], [ -113.56198, 53.58925 ], [ -113.55689, 53.58407 ], [ -113.5535, 53.58408 ], [ -113.5535, 53.58375 ], [ -113.54117, 53.58375 ], [ -113.54117, 53.58392 ], [ -113.54117, 53.59219 ] ] ] } },
{ "type": "Feature", "properties": { "pc": 0.01321, "ty": "Mature", "ut": 39.0, "pt": 11, "pg": -0.3185, "p21": 2150.0, "rs": 833, "di": "Southeast", "yb": 1956, "p71": 3155.0, "id": 6020, "wd": "Métis", "nm": "Avonmore" }, "geometry": { "type": "Polygon", "coordinates": [ [ [ -113.4659, 53.51229 ], [ -113.46401, 53.51088 ], [ -113.46259, 53.51072 ], [ -113.4604, 53.50944 ], [ -113.4604, 53.50874 ], [ -113.45854, 53.50706 ], [ -113.45767, 53.50673 ], [ -113.45766, 53.50575 ], [ -113.45677, 53.505 ], [ -113.45497, 53.505 ], [ -113.45293, 53.50327 ], [ -113.44297, 53.50827 ], [ -113.44305, 53.51226 ], [ -113.4659, 53.51229 ] ] ] } },
{ "type": "Feature", "properties": { "pc": 0.01386, "ty": "Mature", "ut": 55.0, "pt": 15, "pg": -0.2718, "p21": 4300.0, "rs": 1082, "di": "Northeast", "yb": 1962, "p71": 5905.0, "id": 2020, "wd": "tastawiyiniwak", "nm": "Balwin" }, "geometry": { "type": "Polygon", "coordinates": [ [ [ -113.44293, 53.58366 ], [ -113.44296, 53.59226 ], [ -113.46724, 53.59221 ], [ -113.46718, 53.58696 ], [ -113.4673, 53.58485 ], [ -113.46376, 53.58493 ], [ -113.45437, 53.58495 ], [ -113.45441, 53.58374 ], [ -113.44918, 53.58374 ], [ -113.44566, 53.58396 ], [ -113.44293, 53.58366 ] ] ] } },
{ "type": "Feature", "properties": { "pc": 0.00187, "ty": "Between mature and Henday", "ut": 8.0, "pt": 1, "pg": null, "p21": 2665.0, "rs": 536, "di": "Northeast", "yb": 1978, "p71": null, "id": 2030, "wd": "Dene", "nm": "Bannerman" }, "geometry": { "type": "Polygon", "coordinates": [ [ [ -113.38288, 53.60827 ], [ -113.38565, 53.60374 ], [ -113.38611, 53.60194 ], [ -113.38613, 53.59965 ], [ -113.37934, 53.59967 ], [ -113.37678, 53.59986 ], [ -113.37549, 53.60029 ], [ -113.37359, 53.60195 ], [ -113.37029, 53.60537 ], [ -113.37036, 53.60614 ], [ -113.37232, 53.60627 ], [ -113.37457, 53.60716 ], [ -113.37787, 53.6078 ], [ -113.38288, 53.60827 ] ] ] } },
{ "type": "Feature", "properties": { "pc": 0.0, "ty": "Between mature and Henday", "ut": 0.0, "pt": 0, "pg": null, "p21": 2285.0, "rs": 1, "di": "Northwest", "yb": null, "p71": null, "id": 3020, "wd": "Anirniq", "nm": "Baranow" }, "geometry": { "type": "Polygon", "coordinates": [ [ [ -113.53495, 53.59945 ], [ -113.53092, 53.59946 ], [ -113.53044, 53.59946 ], [ -113.53044, 53.59975 ], [ -113.53044, 53.6019 ], [ -113.53508, 53.60204 ], [ -113.53508, 53.60689 ], [ -113.53624, 53.61272 ], [ -113.53708, 53.61324 ], [ -113.53731, 53.61697 ], [ -113.54113, 53.61696 ], [ -113.54126, 53.61445 ], [ -113.5413, 53.60417 ], [ -113.54116, 53.59941 ], [ -113.53495, 53.59945 ] ] ] } },
{ "type": "Feature", "properties": { "pc": 0.00081, "ty": "Between mature and Henday", "ut": 1.0, "pt": 1, "pg": null, "p21": 4905.0, "rs": 1240, "di": "Northwest", "yb": 1977, "p71": null, "id": 3030, "wd": "tastawiyiniwak", "nm": "Baturyn" }, "geometry": { "type": "Polygon", "coordinates": [ [ [ -113.50564, 53.63606 ], [ -113.51655, 53.63605 ], [ -113.51649, 53.63108 ], [ -113.51661, 53.62872 ], [ -113.51583, 53.62697 ], [ -113.51439, 53.6259 ], [ -113.51042, 53.62779 ], [ -113.5071, 53.62867 ], [ -113.5051, 53.62884 ], [ -113.49188, 53.62883 ], [ -113.49213, 53.63083 ], [ -113.49212, 53.63606 ], [ -113.50564, 53.63606 ] ] ] } },
{ "type": "Feature", "properties": { "pc": 0.0193, "ty": "Mature", "ut": 80.0, "pt": 21, "pg": -0.3847, "p21": 2855.0, "rs": 1088, "di": "North Central", "yb": 1958, "p71": 4640.0, "id": 2040, "wd": "Métis", "nm": "Beacon Heights" }, "geometry": { "type": "Polygon", "coordinates": [ [ [ -113.39408, 53.57663 ], [ -113.39475, 53.57672 ], [ -113.41838, 53.5767 ], [ -113.41839, 53.57035 ], [ -113.39371, 53.57038 ], [ -113.39369, 53.57509 ], [ -113.39408, 53.57663 ] ] ] } },
{ "type": "Feature", "properties": { "pc": 0.0, "ty": "Between mature and Henday", "ut": 0.0, "pt": 0, "pg": null, "p21": 2135.0, "rs": 571, "di": "Whitemud", "yb": 1984, "p71": null, "id": 5030, "wd": "Ipiihkoohkanipiaohtsi", "nm": "Bearspaw" }, "geometry": { "type": "Polygon", "coordinates": [ [ [ -113.514, 53.44668 ], [ -113.5091, 53.44428 ], [ -113.50783, 53.44303 ], [ -113.50768, 53.44115 ], [ -113.50703, 53.4406 ], [ -113.5071, 53.43946 ], [ -113.49303, 53.43946 ], [ -113.49269, 53.44664 ], [ -113.50006, 53.44668 ], [ -113.514, 53.44668 ] ] ] } },
{ "type": "Feature", "properties": { "pc": 0.0, "ty": "Between mature and Henday", "ut": 0.0, "pt": 0, "pg": 5.4643, "p21": 4525.0, "rs": 882, "di": "Northwest", "yb": 1981, "p71": 700.0, "id": 3040, "wd": "tastawiyiniwak", "nm": "Beaumaris" }, "geometry": { "type": "Polygon", "coordinates": [ [ [ -113.51874, 53.62281 ], [ -113.51927, 53.62105 ], [ -113.51872, 53.61909 ], [ -113.51709, 53.61692 ], [ -113.5167, 53.61418 ], [ -113.49179, 53.61403 ], [ -113.49184, 53.62127 ], [ -113.50196, 53.62132 ], [ -113.50312, 53.62206 ], [ -113.50422, 53.62131 ], [ -113.50486, 53.62034 ], [ -113.50667, 53.62118 ], [ -113.50842, 53.62153 ], [ -113.51382, 53.62205 ], [ -113.51874, 53.62281 ] ] ] } },
{ "type": "Feature", "properties": { "pc": 0.04416, "ty": "Mature", "ut": 120.0, "pt": 31, "pg": -0.2449, "p21": 2220.0, "rs": 702, "di": "Scona", "yb": 1962, "p71": 2940.0, "id": 5040, "wd": "papastew", "nm": "Belgravia" }, "geometry": { "type": "Polygon", "coordinates": [ [ [ -113.53671, 53.51832 ], [ -113.53739, 53.51473 ], [ -113.53889, 53.51226 ], [ -113.54024, 53.51105 ], [ -113.53988, 53.50887 ], [ -113.54101, 53.50671 ], [ -113.54058, 53.50595 ], [ -113.53814, 53.50532 ], [ -113.53532, 53.50591 ], [ -113.53127, 53.50738 ], [ -113.52832, 53.50742 ], [ -113.52459, 53.50811 ], [ -113.52588, 53.50943 ], [ -113.52599, 53.51224 ], [ -113.52884, 53.51224 ], [ -113.52884, 53.51321 ], [ -113.53166, 53.51319 ], [ -113.53204, 53.51462 ], [ -113.53115, 53.51545 ], [ -113.53201, 53.51644 ], [ -113.53156, 53.51741 ], [ -113.53292, 53.51764 ], [ -113.53671, 53.51832 ] ] ] } },
{ "type": "Feature", "properties": { "pc": 0.0, "ty": "Between mature and Henday", "ut": 0.0, "pt": 0, "pg": null, "p21": 3745.0, "rs": 853, "di": "Northwest", "yb": 1999, "p71": null, "id": 2050, "wd": "tastawiyiniwak", "nm": "Belle Rive" }, "geometry": { "type": "Polygon", "coordinates": [ [ [ -113.47969, 53.62874 ], [ -113.4797, 53.61523 ], [ -113.47318, 53.6159 ], [ -113.46742, 53.61591 ], [ -113.46741, 53.6287 ], [ -113.47969, 53.62874 ] ] ] } },
{ "type": "Feature", "properties": { "pc": 0.0092, "ty": "Mature", "ut": 10.0, "pt": 4, "pg": -0.4605, "p21": 1025.0, "rs": 435, "di": "North Central", "yb": 1948, "p71": 1900.0, "id": 2060, "wd": "Métis", "nm": "Bellevue" }, "geometry": { "type": "Polygon", "coordinates": [ [ [ -113.45291, 53.57036 ], [ -113.44909, 53.56503 ], [ -113.44814, 53.56398 ], [ -113.44652, 53.56286 ], [ -113.44267, 53.56017 ], [ -113.44053, 53.56125 ], [ -113.43898, 53.56162 ], [ -113.44487, 53.57037 ], [ -113.45291, 53.57036 ] ] ] } },
{ "type": "Feature", "properties": { "pc": 0.0, "ty": "Between mature and Henday", "ut": 0.0, "pt": 0, "pg": null, "p21": 4615.0, "rs": 827, "di": "West Edmonton", "yb": 1976, "p71": null, "id": 4040, "wd": "Nakota Isga", "nm": "Belmead" }, "geometry": { "type": "Polygon", "coordinates": [ [ [ -113.63047, 53.52129 ], [ -113.62999, 53.52375 ], [ -113.62997, 53.52632 ], [ -113.63039, 53.52857 ], [ -113.6335, 53.52838 ], [ -113.63651, 53.52873 ], [ -113.64121, 53.52976 ], [ -113.64306, 53.52987 ], [ -113.65211, 53.52992 ], [ -113.65209, 53.52128 ], [ -113.63713, 53.5216 ], [ -113.63359, 53.52153 ], [ -113.63047, 53.52129 ] ] ] } },
{ "type": "Feature", "properties": { "pc": 0.0, "ty": "Between mature and Henday", "ut": 0.0, "pt": 0, "pg": 35.8621, "p21": 5345.0, "rs": 854, "di": "Northeast", "yb": 1976, "p71": 145.0, "id": 2070, "wd": "Dene", "nm": "Belmont" }, "geometry": { "type": "Polygon", "coordinates": [ [ [ -113.38469, 53.58659 ], [ -113.38568, 53.58934 ], [ -113.38612, 53.59167 ], [ -113.38613, 53.59965 ], [ -113.39057, 53.59964 ], [ -113.3962, 53.5992 ], [ -113.40283, 53.59814 ], [ -113.40236, 53.59618 ], [ -113.40282, 53.59091 ], [ -113.40127, 53.59075 ], [ -113.40016, 53.58904 ], [ -113.39861, 53.58863 ], [ -113.39465, 53.58935 ], [ -113.39411, 53.58872 ], [ -113.39082, 53.58864 ], [ -113.38972, 53.5883 ], [ -113.38802, 53.5888 ], [ -113.38689, 53.58838 ], [ -113.38602, 53.58678 ], [ -113.38469, 53.58659 ] ] ] } },
{ "type": "Feature", "properties": { "pc": 0.00234, "ty": "Mature", "ut": 16.0, "pt": 2, "pg": 0.0202, "p21": 5060.0, "rs": 853, "di": "Northeast", "yb": 1964, "p71": 4960.0, "id": 2080, "wd": "Dene", "nm": "Belvedere" }, "geometry": { "type": "Polygon", "coordinates": [ [ [ -113.42117, 53.59878 ], [ -113.42451, 53.5995 ], [ -113.43515, 53.59951 ], [ -113.44294, 53.59966 ], [ -113.44296, 53.59226 ], [ -113.44293, 53.58366 ], [ -113.44294, 53.58246 ], [ -113.41823, 53.59788 ], [ -113.42117, 53.59878 ] ] ] } },
{ "type": "Feature", "properties": { "pc": 0.06434, "ty": "Mature", "ut": 63.0, "pt": 35, "pg": 0.6543, "p21": 1555.0, "rs": 544, "di": "North Central", "yb": 1985, "p71": 940.0, "id": 2090, "wd": "Métis", "nm": "Bergman" }, "geometry": { "type": "Polygon", "coordinates": [ [ [ -113.41831, 53.5825 ], [ -113.41838, 53.5767 ], [ -113.39475, 53.57672 ], [ -113.39408, 53.57663 ], [ -113.39375, 53.57791 ], [ -113.41125, 53.58193 ], [ -113.41378, 53.58236 ], [ -113.41831, 53.5825 ] ] ] } },
{ "type": "Feature", "properties": { "pc": 0.0082, "ty": "Mature", "ut": 33.0, "pt": 10, "pg": -0.4035, "p21": 3200.0, "rs": 1220, "di": "North Central", "yb": 1959, "p71": 5365.0, "id": 2100, "wd": "Métis", "nm": "Beverly Heights" }, "geometry": { "type": "Polygon", "coordinates": [ [ [ -113.41839, 53.56559 ], [ -113.41101, 53.56507 ], [ -113.40924, 53.56432 ], [ -113.40844, 53.56343 ], [ -113.40317, 53.56144 ], [ -113.40105, 53.55997 ], [ -113.39891, 53.55787 ], [ -113.39638, 53.55787 ], [ -113.39636, 53.56412 ], [ -113.39372, 53.56412 ], [ -113.39371, 53.57038 ], [ -113.41839, 53.57035 ], [ -113.41839, 53.56559 ] ] ] } },
{ "type": "Feature", "properties": { "pc": 0.0, "ty": "Between mature and Henday", "ut": 0.0, "pt": 0, "pg": null, "p21": 3975.0, "rs": 696, "di": "Mill Woods and Meadows", "yb": 1986, "p71": null, "id": 6030, "wd": "Sspomitapi", "nm": "Bisset" }, "geometry": { "type": "Polygon", "coordinates": [ [ [ -113.39385, 53.46348 ], [ -113.40672, 53.46403 ], [ -113.4063, 53.46124 ], [ -113.40701, 53.45946 ], [ -113.40846, 53.45769 ], [ -113.40908, 53.45536 ], [ -113.4068, 53.45519 ], [ -113.39752, 53.45386 ], [ -113.3938, 53.45384 ], [ -113.39385, 53.46348 ] ] ] } },
{ "type": "Feature", "properties": { "pc": 0.0, "ty": "Between mature and Henday", "ut": 0.0, "pt": 0, "pg": null, "p21": 4645.0, "rs": 512, "di": "Whitemud", "yb": 1978, "p71": null, "id": 5060, "wd": "Ipiihkoohkanipiaohtsi", "nm": "Blue Quill" }, "geometry": { "type": "Polygon", "coordinates": [ [ [ -113.51647, 53.46117 ], [ -113.52733, 53.46118 ], [ -113.52734, 53.46131 ], [ -113.53876, 53.4613 ], [ -113.53829, 53.46012 ], [ -113.53472, 53.45624 ], [ -113.53402, 53.45397 ], [ -113.51645, 53.45395 ], [ -113.51647, 53.46117 ] ] ] } },
{ "type": "Feature", "properties": { "pc": 0.0, "ty": "Between mature and Henday", "ut": 0.0, "pt": 0, "pg": 7.9677, "p21": 1390.0, "rs": 201, "di": "Whitemud", "yb": 1985, "p71": 155.0, "id": 5070, "wd": "Ipiihkoohkanipiaohtsi", "nm": "Blue Quill Estates" }, "geometry": { "type": "Polygon", "coordinates": [ [ [ -113.53876, 53.4613 ], [ -113.54485, 53.4613 ], [ -113.54678, 53.46096 ], [ -113.54691, 53.46009 ], [ -113.54876, 53.46009 ], [ -113.54912, 53.45918 ], [ -113.54554, 53.45926 ], [ -113.54439, 53.45806 ], [ -113.54464, 53.45652 ], [ -113.54325, 53.45625 ], [ -113.54128, 53.45541 ], [ -113.54089, 53.45429 ], [ -113.53926, 53.45467 ], [ -113.53681, 53.45405 ], [ -113.53402, 53.45397 ], [ -113.53472, 53.45624 ], [ -113.53829, 53.46012 ], [ -113.53876, 53.4613 ] ] ] } },
{ "type": "Feature", "properties": { "pc": 0.02969, "ty": "Mature", "ut": 154.0, "pt": 38, "pg": -0.0133, "p21": 4820.0, "rs": 1280, "di": "Southeast", "yb": 1975, "p71": 4885.0, "id": 6040, "wd": "Métis", "nm": "Bonnie Doon" }, "geometry": { "type": "Polygon", "coordinates": [ [ [ -113.47295, 53.53231 ], [ -113.47415, 53.53268 ], [ -113.47931, 53.53261 ], [ -113.47914, 53.53096 ], [ -113.47727, 53.53034 ], [ -113.47523, 53.53015 ], [ -113.47506, 53.52723 ], [ -113.47312, 53.52714 ], [ -113.47311, 53.5259 ], [ -113.47535, 53.5259 ], [ -113.47534, 53.52394 ], [ -113.4746, 53.52193 ], [ -113.47249, 53.52194 ], [ -113.47249, 53.52013 ], [ -113.47016, 53.51905 ], [ -113.47015, 53.51854 ], [ -113.47176, 53.51803 ], [ -113.47015, 53.51803 ], [ -113.45511, 53.518 ], [ -113.45518, 53.52257 ], [ -113.45747, 53.52526 ], [ -113.45918, 53.52543 ], [ -113.46299, 53.52759 ], [ -113.46836, 53.52999 ], [ -113.47113, 53.5316 ], [ -113.47295, 53.53231 ] ] ] } },
{ "type": "Feature", "properties": { "pc": 0.0, "ty": "Between mature and Henday", "ut": 0.0, "pt": 0, "pg": null, "p21": 2435.0, "rs": 303, "di": "Whitemud", "yb": 1973, "p71": null, "id": 5080, "wd": "pihêsiwin", "nm": "Brander Gardens" }, "geometry": { "type": "Polygon", "coordinates": [ [ [ -113.56927, 53.50074 ], [ -113.57047, 53.50169 ], [ -113.57642, 53.49972 ], [ -113.57719, 53.49867 ], [ -113.57847, 53.49906 ], [ -113.58367, 53.49758 ], [ -113.58391, 53.49595 ], [ -113.58628, 53.49631 ], [ -113.5869, 53.49538 ], [ -113.58663, 53.49386 ], [ -113.5854, 53.49304 ], [ -113.58657, 53.49204 ], [ -113.58552, 53.49034 ], [ -113.58249, 53.49034 ], [ -113.58259, 53.48918 ], [ -113.58077, 53.48917 ], [ -113.57868, 53.48873 ], [ -113.57535, 53.48905 ], [ -113.57204, 53.48908 ], [ -113.57195, 53.49762 ], [ -113.57139, 53.49906 ], [ -113.56927, 53.50074 ] ] ] } },
{ "type": "Feature", "properties": { "pc": 0.04382, "ty": "Mature", "ut": 250.0, "pt": 39, "pg": -0.0523, "p21": 4350.0, "rs": 890, "di": "Jasper Place", "yb": 1959, "p71": 4590.0, "id": 4060, "wd": "Nakota Isga", "nm": "Britannia Youngstown" }, "geometry": { "type": "Polygon", "coordinates": [ [ [ -113.59033, 53.5413 ], [ -113.59036, 53.55111 ], [ -113.59363, 53.55128 ], [ -113.60891, 53.55127 ], [ -113.61267, 53.54632 ], [ -113.61492, 53.54379 ], [ -113.61487, 53.54129 ], [ -113.59033, 53.5413 ] ] ] } },
{ "type": "Feature", "properties": { "pc": 0.0051, "ty": "Between mature and Henday", "ut": 3.0, "pt": 3, "pg": 0.0449, "p21": 1980.0, "rs": 588, "di": "Whitemud", "yb": 1971, "p71": 1895.0, "id": 5090, "wd": "pihêsiwin", "nm": "Brookside" }, "geometry": { "type": "Polygon", "coordinates": [ [ [ -113.55686, 53.4825 ], [ -113.55423, 53.48251 ], [ -113.55436, 53.48317 ], [ -113.55973, 53.48325 ], [ -113.56082, 53.48396 ], [ -113.5598, 53.48577 ], [ -113.56228, 53.48735 ], [ -113.56569, 53.48734 ], [ -113.5657, 53.48814 ], [ -113.56393, 53.48845 ], [ -113.56343, 53.48792 ], [ -113.56172, 53.48838 ], [ -113.56182, 53.49 ], [ -113.56423, 53.49045 ], [ -113.56418, 53.49219 ], [ -113.56339, 53.49352 ], [ -113.56344, 53.4972 ], [ -113.56325, 53.49964 ], [ -113.56413, 53.49967 ], [ -113.56443, 53.49798 ], [ -113.56572, 53.49781 ], [ -113.56574, 53.49936 ], [ -113.56866, 53.50117 ], [ -113.56927, 53.50074 ], [ -113.57139, 53.49906 ], [ -113.57195, 53.49762 ], [ -113.57204, 53.48908 ], [ -113.57205, 53.48804 ], [ -113.5707, 53.48264 ], [ -113.56376, 53.4825 ], [ -113.55686, 53.4825 ] ] ] } },
{ "type": "Feature", "properties": { "pc": 0.0, "ty": "Between mature and Henday", "ut": 0.0, "pt": 0, "pg": null, "p21": 3610.0, "rs": 1072, "di": "Whitemud", "yb": 1990, "p71": null, "id": 5100, "wd": "pihêsiwin", "nm": "Bulyea Heights" }, "geometry": { "type": "Polygon", "coordinates": [ [ [ -113.55686, 53.4825 ], [ -113.56376, 53.4825 ], [ -113.5707, 53.48264 ], [ -113.57235, 53.47997 ], [ -113.57502, 53.47639 ], [ -113.58152, 53.46848 ], [ -113.575, 53.46686 ], [ -113.57285, 53.4685 ], [ -113.57121, 53.46705 ], [ -113.56897, 53.46734 ], [ -113.56823, 53.46777 ], [ -113.56602, 53.4679 ], [ -113.56597, 53.46938 ], [ -113.56677, 53.47012 ], [ -113.56621, 53.47201 ], [ -113.56346, 53.47321 ], [ -113.56156, 53.47588 ], [ -113.562, 53.4766 ], [ -113.56101, 53.47723 ], [ -113.561, 53.47893 ], [ -113.56062, 53.47977 ], [ -113.55746, 53.48058 ], [ -113.55767, 53.48162 ], [ -113.55686, 53.4825 ] ] ] } },
{ "type": "Feature", "properties": { "pc": 0.0, "ty": "Between mature and Henday", "ut": 0.0, "pt": 0, "pg": null, "p21": 4555.0, "rs": 933, "di": "Northwest", "yb": 1974, "p71": null, "id": 3060, "wd": "Anirniq", "nm": "Caernarvon" }, "geometry": { "type": "Polygon", "coordinates": [ [ [ -113.5167, 53.61418 ], [ -113.52063, 53.6142 ], [ -113.52266, 53.61448 ], [ -113.52474, 53.61513 ], [ -113.52739, 53.61629 ], [ -113.53129, 53.61698 ], [ -113.53731, 53.61697 ], [ -113.53708, 53.61324 ], [ -113.53624, 53.61272 ], [ -113.53508, 53.60689 ], [ -113.52967, 53.60682 ], [ -113.52726, 53.60742 ], [ -113.52539, 53.60759 ], [ -113.51922, 53.60707 ], [ -113.51678, 53.60703 ], [ -113.5167, 53.61418 ] ] ] } },
{ "type": "Feature", "properties": { "pc": 0.02669, "ty": "Mature", "ut": 159.0, "pt": 34, "pg": -0.1634, "p21": 4455.0, "rs": 1274, "di": "Northwest", "yb": 1958, "p71": 5325.0, "id": 3070, "wd": "Anirniq", "nm": "Calder" }, "geometry": { "type": "Polygon", "coordinates": [ [ [ -113.51658, 53.59213 ], [ -113.54117, 53.59219 ], [ -113.54117, 53.58392 ], [ -113.53597, 53.58393 ], [ -113.53597, 53.58496 ], [ -113.51655, 53.58493 ], [ -113.51658, 53.59213 ] ] ] } },
{ "type": "Feature", "properties": { "pc": 0.00781, "ty": "Between mature and Henday", "ut": 1.0, "pt": 1, "pg": null, "p21": 2340.0, "rs": 128, "di": "West Edmonton", "yb": 1972, "p71": null, "id": 4070, "wd": "sipiwiyiniwak", "nm": "Callingwood North" }, "geometry": { "type": "Polygon", "coordinates": [ [ [ -113.61545, 53.50467 ], [ -113.61525, 53.51211 ], [ -113.62991, 53.51217 ], [ -113.63026, 53.50942 ], [ -113.63099, 53.50626 ], [ -113.63116, 53.50302 ], [ -113.62728, 53.50347 ], [ -113.62299, 53.50424 ], [ -113.61838, 53.50466 ], [ -113.61545, 53.50467 ] ] ] } },
{ "type": "Feature", "properties": { "pc": 0.0, "ty": "Between mature and Henday", "ut": 0.0, "pt": 0, "pg": null, "p21": 2220.0, "rs": 35, "di": "West Edmonton", "yb": 2011, "p71": null, "id": 4466, "wd": "sipiwiyiniwak", "nm": "Cameron Heights" }, "geometry": { "type": "Polygon", "coordinates": [ [ [ -113.62829, 53.47931 ], [ -113.63086, 53.47917 ], [ -113.63412, 53.47684 ], [ -113.63617, 53.47698 ], [ -113.63788, 53.47652 ], [ -113.63783, 53.47578 ], [ -113.64042, 53.47569 ], [ -113.64186, 53.47276 ], [ -113.64383, 53.47247 ], [ -113.64489, 53.4717 ], [ -113.64331, 53.47077 ], [ -113.63954, 53.46942 ], [ -113.63706, 53.46883 ], [ -113.63453, 53.46896 ], [ -113.63309, 53.46981 ], [ -113.63125, 53.46913 ], [ -113.62904, 53.46874 ], [ -113.62569, 53.46874 ], [ -113.62392, 53.47029 ], [ -113.62509, 53.47178 ], [ -113.62411, 53.47395 ], [ -113.62653, 53.47312 ], [ -113.62765, 53.47214 ], [ -113.62977, 53.47184 ], [ -113.63354, 53.47185 ], [ -113.63381, 53.47222 ], [ -113.63096, 53.47255 ], [ -113.62974, 53.4725 ], [ -113.62782, 53.47362 ], [ -113.62713, 53.47476 ], [ -113.62566, 53.47512 ], [ -113.62641, 53.47695 ], [ -113.62776, 53.47814 ], [ -113.62829, 53.47931 ] ] ] } },
{ "type": "Feature", "properties": { "pc": 0.01852, "ty": "Between mature and Henday", "ut": 2.0, "pt": 1, "pg": null, "p21": 2240.0, "rs": 54, "di": "Northeast", "yb": 1982, "p71": null, "id": 2120, "wd": "Dene", "nm": "Canon Ridge" }, "geometry": { "type": "Polygon", "coordinates": [ [ [ -113.38414, 53.58526 ], [ -113.38248, 53.58057 ], [ -113.38244, 53.57794 ], [ -113.38363, 53.57461 ], [ -113.37498, 53.57221 ], [ -113.37435, 53.57314 ], [ -113.37429, 53.57656 ], [ -113.37508, 53.57804 ], [ -113.37525, 53.57969 ], [ -113.37648, 53.58533 ], [ -113.37818, 53.58448 ], [ -113.38018, 53.58411 ], [ -113.38209, 53.58459 ], [ -113.38222, 53.58515 ], [ -113.38414, 53.58526 ] ] ] } },
{ "type": "Feature", "properties": { "pc": 0.03657, "ty": "Mature", "ut": 139.0, "pt": 23, "pg": 0.0356, "p21": 3640.0, "rs": 629, "di": "Jasper Place", "yb": 1975, "p71": 3515.0, "id": 4090, "wd": "Nakota Isga", "nm": "Canora" }, "geometry": { "type": "Polygon", "coordinates": [ [ [ -113.59036, 53.55111 ], [ -113.59033, 53.5413 ], [ -113.57977, 53.54131 ], [ -113.57805, 53.54174 ], [ -113.57809, 53.54861 ], [ -113.57797, 53.55106 ], [ -113.58687, 53.55105 ], [ -113.59036, 53.55111 ] ] ] } },
{ "type": "Feature", "properties": { "pc": 0.0, "ty": "Between mature and Henday", "ut": 0.0, "pt": 0, "pg": null, "p21": 3140.0, "rs": 217, "di": "Northwest", "yb": 1994, "p71": null, "id": 3080, "wd": "Anirniq", "nm": "Canossa" }, "geometry": { "type": "Polygon", "coordinates": [ [ [ -113.51657, 53.63967 ], [ -113.51734, 53.63968 ], [ -113.51786, 53.6433 ], [ -113.51952, 53.6433 ], [ -113.52035, 53.6437 ], [ -113.52369, 53.64364 ], [ -113.52888, 53.64247 ], [ -113.52888, 53.62877 ], [ -113.51661, 53.62872 ], [ -113.51649, 53.63108 ], [ -113.51655, 53.63605 ], [ -113.51657, 53.63967 ] ] ] } },
{ "type": "Feature", "properties": { "pc": 0.00361, "ty": "Mature", "ut": 16.0, "pt": 4, "pg": -0.4428, "p21": 2680.0, "rs": 1108, "di": "Southeast", "yb": 1957, "p71": 4810.0, "id": 6061, "wd": "Métis", "nm": "Capilano" }, "geometry": { "type": "Polygon", "coordinates": [ [ [ -113.40976, 53.55667 ], [ -113.41194, 53.55805 ], [ -113.41273, 53.55892 ], [ -113.41838, 53.55895 ], [ -113.41852, 53.5585 ], [ -113.42311, 53.55851 ], [ -113.42312, 53.5596 ], [ -113.42406, 53.56005 ], [ -113.42592, 53.55979 ], [ -113.42854, 53.55877 ], [ -113.4289, 53.55798 ], [ -113.42719, 53.55759 ], [ -113.4272, 53.55708 ], [ -113.43066, 53.55682 ], [ -113.43233, 53.55604 ], [ -113.43519, 53.55367 ], [ -113.43577, 53.55249 ], [ -113.43584, 53.54932 ], [ -113.42856, 53.54939 ], [ -113.42599, 53.54969 ], [ -113.42343, 53.55022 ], [ -113.42019, 53.55124 ], [ -113.41854, 53.55141 ], [ -113.41854, 53.55227 ], [ -113.41552, 53.55228 ], [ -113.41485, 53.55411 ], [ -113.41153, 53.55405 ], [ -113.41151, 53.55481 ], [ -113.41022, 53.55516 ], [ -113.41106, 53.55634 ], [ -113.40976, 53.55667 ] ] ] } },
{ "type": "Feature", "properties": { "pc": 0.00246, "ty": "Between mature and Henday", "ut": 5.0, "pt": 2, "pg": 33.5909, "p21": 3805.0, "rs": 813, "di": "Northwest", "yb": 1978, "p71": 110.0, "id": 3090, "wd": "Anirniq", "nm": "Carlisle" }, "geometry": { "type": "Polygon", "coordinates": [ [ [ -113.53508, 53.60689 ], [ -113.53508, 53.60204 ], [ -113.53044, 53.6019 ], [ -113.53044, 53.59975 ], [ -113.53044, 53.59946 ], [ -113.52891, 53.59946 ], [ -113.52799, 53.59959 ], [ -113.51832, 53.59955 ], [ -113.51671, 53.59945 ], [ -113.51678, 53.60703 ], [ -113.51922, 53.60707 ], [ -113.52539, 53.60759 ], [ -113.52726, 53.60742 ], [ -113.52967, 53.60682 ], [ -113.53508, 53.60689 ] ] ] } },
{ "type": "Feature", "properties": { "pc": 0.0, "ty": "Between mature and Henday", "ut": 0.0, "pt": 0, "pg": null, "p21": 5520.0, "rs": 475, "di": "Northwest", "yb": 2005, "p71": null, "id": 3470, "wd": "Anirniq", "nm": "Carlton" }, "geometry": { "type": "Polygon", "coordinates": [ [ [ -113.55351, 53.6146 ], [ -113.55351, 53.62872 ], [ -113.56336, 53.62873 ], [ -113.56522, 53.62778 ], [ -113.56523, 53.62138 ], [ -113.56509, 53.61599 ], [ -113.56524, 53.61457 ], [ -113.55351, 53.6146 ] ] ] } },
{ "type": "Feature", "properties": { "pc": 0.0, "ty": "Between mature and Henday", "ut": 0.0, "pt": 0, "pg": null, "p21": 1515.0, "rs": 445, "di": "Whitemud", "yb": 1994, "p71": null, "id": 5130, "wd": "pihêsiwin", "nm": "Carter Crest" }, "geometry": { "type": "Polygon", "coordinates": [ [ [ -113.575, 53.46686 ], [ -113.58152, 53.46848 ], [ -113.58485, 53.46455 ], [ -113.58692, 53.46189 ], [ -113.59, 53.46189 ], [ -113.59, 53.46134 ], [ -113.58735, 53.46129 ], [ -113.58648, 53.46134 ], [ -113.56784, 53.46132 ], [ -113.56573, 53.46131 ], [ -113.56573, 53.46186 ], [ -113.56828, 53.46187 ], [ -113.57077, 53.46469 ], [ -113.57255, 53.46583 ], [ -113.575, 53.46686 ] ] ] } },
{ "type": "Feature", "properties": { "pc": 0.0, "ty": "Between mature and Henday", "ut": 0.0, "pt": 0, "pg": null, "p21": 3395.0, "rs": 337, "di": "Northeast", "yb": 1986, "p71": null, "id": 2130, "wd": "Dene", "nm": "Casselman" }, "geometry": { "type": "Polygon", "coordinates": [ [ [ -113.41763, 53.60691 ], [ -113.41722, 53.60803 ], [ -113.41717, 53.60961 ], [ -113.41784, 53.61149 ], [ -113.4182, 53.61368 ], [ -113.41822, 53.61582 ], [ -113.43052, 53.61585 ], [ -113.43047, 53.60685 ], [ -113.41763, 53.60691 ] ] ] } },
{ "type": "Feature", "properties": { "pc": 0.02703, "ty": "Mature", "ut": 16.0, "pt": 2, "pg": -0.0919, "p21": 4300.0, "rs": 74, "di": "Central", "yb": 1948, "p71": 4735.0, "id": 1030, "wd": "O-day'min", "nm": "Central McDougall" }, "geometry": { "type": "Polygon", "coordinates": [ [ [ -113.49372, 53.54813 ], [ -113.49371, 53.55889 ], [ -113.50391, 53.5589 ], [ -113.50843, 53.55889 ], [ -113.50842, 53.54826 ], [ -113.50661, 53.54779 ], [ -113.49372, 53.54777 ], [ -113.49372, 53.54813 ] ] ] } },
{ "type": "Feature", "properties": { "pc": 0.0, "ty": "Between mature and Henday", "ut": 0.0, "pt": 0, "pg": null, "p21": 3140.0, "rs": 136, "di": "Northwest", "yb": 2011, "p71": null, "id": 3120, "wd": "tastawiyiniwak", "nm": "Chambery" }, "geometry": { "type": "Polygon", "coordinates": [ [ [ -113.50428, 53.64547 ], [ -113.5108, 53.6453 ], [ -113.51316, 53.64494 ], [ -113.515, 53.64338 ], [ -113.5167, 53.6433 ], [ -113.51657, 53.63967 ], [ -113.51655, 53.63605 ], [ -113.50564, 53.63606 ], [ -113.50564, 53.63687 ], [ -113.50437, 53.63685 ], [ -113.50571, 53.6387 ], [ -113.50563, 53.64067 ], [ -113.50692, 53.64054 ], [ -113.50689, 53.64253 ], [ -113.50429, 53.64252 ], [ -113.50428, 53.64547 ] ] ] } },
{ "type": "Feature", "properties": { "pc": 0.0, "ty": "Between mature and Henday", "ut": 0.0, "pt": 0, "pg": null, "p21": 3845.0, "rs": 48, "di": "Northeast", "yb": 2004, "p71": null, "id": 2145, "wd": "Dene", "nm": "Clareview Town Centre" }, "geometry": { "type": "Polygon", "coordinates": [ [ [ -113.41823, 53.59788 ], [ -113.41568, 53.59732 ], [ -113.41339, 53.59707 ], [ -113.41152, 53.59703 ], [ -113.40815, 53.5973 ], [ -113.40283, 53.59814 ], [ -113.3962, 53.5992 ], [ -113.39654, 53.60061 ], [ -113.39592, 53.60684 ], [ -113.40319, 53.60685 ], [ -113.41159, 53.60686 ], [ -113.4169, 53.60233 ], [ -113.42117, 53.59878 ], [ -113.41823, 53.59788 ] ] ] } },
{ "type": "Feature", "properties": { "pc": 0.02353, "ty": "Mature", "ut": 5.0, "pt": 4, "pg": 0.0307, "p21": 840.0, "rs": 170, "di": "Southeast", "yb": 1989, "p71": 815.0, "id": 6070, "wd": "Métis", "nm": "Cloverdale" }, "geometry": { "type": "Polygon", "coordinates": [ [ [ -113.47295, 53.53231 ], [ -113.46359, 53.53608 ], [ -113.46373, 53.53706 ], [ -113.46058, 53.5373 ], [ -113.45886, 53.53703 ], [ -113.45895, 53.53607 ], [ -113.45587, 53.53545 ], [ -113.45616, 53.53752 ], [ -113.46314, 53.53872 ], [ -113.46081, 53.53987 ], [ -113.45899, 53.54122 ], [ -113.46238, 53.5414 ], [ -113.46392, 53.54005 ], [ -113.46703, 53.53945 ], [ -113.47146, 53.53996 ], [ -113.47484, 53.54021 ], [ -113.47837, 53.5402 ], [ -113.48166, 53.54003 ], [ -113.48443, 53.53952 ], [ -113.48696, 53.538 ], [ -113.48422, 53.53708 ], [ -113.48311, 53.53576 ], [ -113.48261, 53.53423 ], [ -113.48145, 53.5332 ], [ -113.48056, 53.53297 ], [ -113.47758, 53.53307 ], [ -113.47415, 53.53268 ], [ -113.47295, 53.53231 ] ] ] } },
{ "type": "Feature", "properties": { "pc": 0.00264, "ty": "Between mature and Henday", "ut": 14.0, "pt": 3, "pg": null, "p21": 4405.0, "rs": 1137, "di": "Mill Woods and Meadows", "yb": 1983, "p71": null, "id": 6140, "wd": "Sspomitapi", "nm": "Crawford Plains" }, "geometry": { "type": "Polygon", "coordinates": [ [ [ -113.40229, 53.44484 ], [ -113.40445, 53.44313 ], [ -113.40608, 53.44275 ], [ -113.40799, 53.44299 ], [ -113.41506, 53.44564 ], [ -113.41699, 53.44595 ], [ -113.41939, 53.44583 ], [ -113.41864, 53.44244 ], [ -113.4185, 53.43978 ], [ -113.4182, 53.43946 ], [ -113.41794, 53.43912 ], [ -113.4156, 53.43911 ], [ -113.4156, 53.43815 ], [ -113.41353, 53.43775 ], [ -113.3988, 53.43771 ], [ -113.39693, 53.43812 ], [ -113.39505, 53.4394 ], [ -113.39389, 53.43939 ], [ -113.39386, 53.44371 ], [ -113.39713, 53.44374 ], [ -113.39911, 53.44402 ], [ -113.40229, 53.44484 ] ] ] } },
{ "type": "Feature", "properties": { "pc": 0.03143, "ty": "Mature", "ut": 111.0, "pt": 27, "pg": -0.299, "p21": 2415.0, "rs": 859, "di": "Jasper Place", "yb": 1961, "p71": 3445.0, "id": 3140, "wd": "Nakota Isga", "nm": "Crestwood" }, "geometry": { "type": "Polygon", "coordinates": [ [ [ -113.57627, 53.53102 ], [ -113.57288, 53.53043 ], [ -113.5717, 53.53052 ], [ -113.56968, 53.52963 ], [ -113.56572, 53.52962 ], [ -113.56357, 53.53046 ], [ -113.56052, 53.53006 ], [ -113.56037, 53.53199 ], [ -113.56095, 53.53222 ], [ -113.56069, 53.53367 ], [ -113.5597, 53.53587 ], [ -113.55787, 53.53631 ], [ -113.55582, 53.53741 ], [ -113.55906, 53.53756 ], [ -113.56073, 53.53735 ], [ -113.56558, 53.53758 ], [ -113.56563, 53.53795 ], [ -113.56784, 53.5387 ], [ -113.57102, 53.53909 ], [ -113.57557, 53.54123 ], [ -113.57804, 53.54125 ], [ -113.578, 53.53152 ], [ -113.57627, 53.53102 ] ] ] } },
{ "type": "Feature", "properties": { "pc": 0.05634, "ty": "Mature", "ut": 8.0, "pt": 4, "pg": -0.328, "p21": 1680.0, "rs": 71, "di": "North Central", "yb": 1952, "p71": 2500.0, "id": 1070, "wd": "Métis", "nm": "Cromdale" }, "geometry": { "type": "Polygon", "coordinates": [ [ [ -113.45621, 53.55943 ], [ -113.45701, 53.56121 ], [ -113.4616, 53.5612 ], [ -113.46161, 53.56273 ], [ -113.46718, 53.56274 ], [ -113.46901, 53.56114 ], [ -113.47084, 53.55953 ], [ -113.47085, 53.55603 ], [ -113.47068, 53.55538 ], [ -113.46727, 53.55676 ], [ -113.46166, 53.55774 ], [ -113.45838, 53.55756 ], [ -113.45826, 53.55807 ], [ -113.46004, 53.55854 ], [ -113.46258, 53.5582 ], [ -113.46729, 53.55907 ], [ -113.46729, 53.56076 ], [ -113.46546, 53.56076 ], [ -113.46378, 53.55962 ], [ -113.46177, 53.55962 ], [ -113.45738, 53.56035 ], [ -113.45621, 53.55943 ] ] ] } },
{ "type": "Feature", "properties": { "pc": 0.0, "ty": "Between mature and Henday", "ut": 0.0, "pt": 0, "pg": null, "p21": 3975.0, "rs": 70, "di": "Northeast", "yb": 2017, "p71": null, "id": 2463, "wd": "tastawiyiniwak", "nm": "Crystallina Nera West" }, "geometry": { "type": "Polygon", "coordinates": [ [ [ -113.45511, 53.63604 ], [ -113.45511, 53.6402 ], [ -113.45256, 53.64041 ], [ -113.45255, 53.64244 ], [ -113.45409, 53.64232 ], [ -113.45412, 53.64325 ], [ -113.45697, 53.64328 ], [ -113.45693, 53.64548 ], [ -113.46248, 53.64542 ], [ -113.46447, 53.64513 ], [ -113.46533, 53.64451 ], [ -113.46546, 53.64329 ], [ -113.46736, 53.64329 ], [ -113.46574, 53.64062 ], [ -113.46556, 53.63942 ], [ -113.46601, 53.63822 ], [ -113.4669, 53.63718 ], [ -113.4674, 53.63515 ], [ -113.45511, 53.63514 ], [ -113.45511, 53.63604 ] ] ] } },
{ "type": "Feature", "properties": { "pc": 0.0, "ty": "Between mature and Henday", "ut": 0.0, "pt": 0, "pg": null, "p21": 6570.0, "rs": 323, "di": "Northwest", "yb": 1994, "p71": null, "id": 3150, "wd": "Anirniq", "nm": "Cumberland" }, "geometry": { "type": "Polygon", "coordinates": [ [ [ -113.5413, 53.60417 ], [ -113.54126, 53.61445 ], [ -113.54113, 53.61696 ], [ -113.54411, 53.61686 ], [ -113.5454, 53.61649 ], [ -113.54868, 53.61508 ], [ -113.55112, 53.61461 ], [ -113.55351, 53.6146 ], [ -113.56524, 53.61457 ], [ -113.56509, 53.61409 ], [ -113.56506, 53.60689 ], [ -113.56242, 53.60686 ], [ -113.55966, 53.60686 ], [ -113.56005, 53.60812 ], [ -113.55669, 53.60809 ], [ -113.55314, 53.60767 ], [ -113.55082, 53.60763 ], [ -113.54826, 53.60727 ], [ -113.54679, 53.60669 ], [ -113.54436, 53.60457 ], [ -113.54369, 53.60432 ], [ -113.5413, 53.60417 ] ] ] } },
{ "type": "Feature", "properties": { "pc": 0.0, "ty": "Between mature and Henday", "ut": 0.0, "pt": 0, "pg": null, "p21": null, "rs": 210, "di": "Northeast", "yb": 2015, "p71": null, "id": 2611, "wd": "Dene", "nm": "Cy Becker" }, "geometry": { "type": "Polygon", "coordinates": [ [ [ -113.41818, 53.63601 ], [ -113.41609, 53.6337 ], [ -113.41413, 53.63251 ], [ -113.41247, 53.63072 ], [ -113.41196, 53.62864 ], [ -113.40573, 53.62863 ], [ -113.40331, 53.62786 ], [ -113.40109, 53.62676 ], [ -113.39762, 53.62567 ], [ -113.39647, 53.62867 ], [ -113.39816, 53.62874 ], [ -113.39738, 53.63133 ], [ -113.39897, 53.63025 ], [ -113.39944, 53.6319 ], [ -113.40157, 53.63411 ], [ -113.40648, 53.63529 ], [ -113.40599, 53.63675 ], [ -113.41485, 53.63906 ], [ -113.41631, 53.63803 ], [ -113.41677, 53.63601 ], [ -113.41818, 53.63601 ] ] ] } },
{ "type": "Feature", "properties": { "pc": 0.00234, "ty": "Between mature and Henday", "ut": 14.0, "pt": 2, "pg": null, "p21": 3380.0, "rs": 855, "di": "Mill Woods and Meadows", "yb": 1980, "p71": null, "id": 6150, "wd": "Sspomitapi", "nm": "Daly Grove" }, "geometry": { "type": "Polygon", "coordinates": [ [ [ -113.40908, 53.45536 ], [ -113.40939, 53.45152 ], [ -113.40912, 53.45077 ], [ -113.40773, 53.44958 ], [ -113.40323, 53.44747 ], [ -113.40198, 53.44589 ], [ -113.40229, 53.44484 ], [ -113.39911, 53.44402 ], [ -113.39713, 53.44374 ], [ -113.39386, 53.44371 ], [ -113.3938, 53.45384 ], [ -113.39752, 53.45386 ], [ -113.4068, 53.45519 ], [ -113.40908, 53.45536 ] ] ] } },
{ "type": "Feature", "properties": { "pc": 0.0, "ty": "Between mature and Henday", "ut": 0.0, "pt": 0, "pg": null, "p21": 1520.0, "rs": 510, "di": "West Edmonton", "yb": 1986, "p71": null, "id": 4110, "wd": "sipiwiyiniwak", "nm": "Dechene" }, "geometry": { "type": "Polygon", "coordinates": [ [ [ -113.64578, 53.48451 ], [ -113.64145, 53.48563 ], [ -113.63428, 53.48832 ], [ -113.63234, 53.48929 ], [ -113.63074, 53.49069 ], [ -113.62953, 53.49243 ], [ -113.62901, 53.49477 ], [ -113.62939, 53.49636 ], [ -113.63476, 53.49572 ], [ -113.64017, 53.49553 ], [ -113.64016, 53.49217 ], [ -113.64111, 53.49018 ], [ -113.64408, 53.48756 ], [ -113.64578, 53.48451 ] ] ] } },
{ "type": "Feature", "properties": { "pc": 0.02503, "ty": "Mature", "ut": 78.0, "pt": 18, "pg": -0.2862, "p21": 2020.0, "rs": 719, "di": "North Central", "yb": 1953, "p71": 2830.0, "id": 1080, "wd": "Métis", "nm": "Delton" }, "geometry": { "type": "Polygon", "coordinates": [ [ [ -113.47797, 53.57672 ], [ -113.47264, 53.57673 ], [ -113.47263, 53.58132 ], [ -113.48667, 53.58136 ], [ -113.49213, 53.58148 ], [ -113.49226, 53.57662 ], [ -113.47962, 53.57662 ], [ -113.47797, 53.57672 ] ] ] } },
{ "type": "Feature", "properties": { "pc": 0.00699, "ty": "Mature", "ut": 44.0, "pt": 9, "pg": -0.4213, "p21": 3620.0, "rs": 1287, "di": "Northeast", "yb": 1966, "p71": 6255.0, "id": 2230, "wd": "tastawiyiniwak", "nm": "Delwood" }, "geometry": { "type": "Polygon", "coordinates": [ [ [ -113.46724, 53.59221 ], [ -113.44296, 53.59226 ], [ -113.44294, 53.59966 ], [ -113.44906, 53.59969 ], [ -113.4674, 53.59966 ], [ -113.46724, 53.59221 ] ] ] } },
{ "type": "Feature", "properties": { "pc": 0.0, "ty": "Between mature and Henday", "ut": 0.0, "pt": 0, "pg": null, "p21": 1205.0, "rs": 393, "di": "West Edmonton", "yb": 2003, "p71": null, "id": 4120, "wd": "sipiwiyiniwak", "nm": "Donsdale" }, "geometry": { "type": "Polygon", "coordinates": [ [ [ -113.63968, 53.48149 ], [ -113.63968, 53.48206 ], [ -113.63529, 53.48201 ], [ -113.63365, 53.48167 ], [ -113.63223, 53.48101 ], [ -113.63037, 53.48119 ], [ -113.62885, 53.48305 ], [ -113.63024, 53.48305 ], [ -113.63088, 53.48375 ], [ -113.62895, 53.48628 ], [ -113.62904, 53.4875 ], [ -113.62771, 53.48808 ], [ -113.6275, 53.48971 ], [ -113.62963, 53.49016 ], [ -113.63074, 53.49069 ], [ -113.63234, 53.48929 ], [ -113.63428, 53.48832 ], [ -113.64145, 53.48563 ], [ -113.64578, 53.48451 ], [ -113.64523, 53.48314 ], [ -113.64412, 53.48199 ], [ -113.63968, 53.48149 ] ] ] } },
{ "type": "Feature", "properties": { "pc": 0.01859, "ty": "Mature", "ut": 78.0, "pt": 14, "pg": -0.4113, "p21": 2140.0, "rs": 753, "di": "Central", "yb": 1954, "p71": 3635.0, "id": 3170, "wd": "Anirniq", "nm": "Dovercourt" }, "geometry": { "type": "Polygon", "coordinates": [ [ [ -113.55691, 53.58105 ], [ -113.5658, 53.58118 ], [ -113.5657, 53.58072 ], [ -113.56569, 53.57355 ], [ -113.56579, 53.57037 ], [ -113.56138, 53.57031 ], [ -113.54938, 53.57028 ], [ -113.54992, 53.57179 ], [ -113.5534, 53.57576 ], [ -113.55691, 53.58105 ] ] ] } },
{ "type": "Feature", "properties": { "pc": 0.00282, "ty": "Mature", "ut": 10.0, "pt": 3, "pg": 2.0976, "p21": 4445.0, "rs": 1065, "di": "Whitemud", "yb": 1972, "p71": 1435.0, "id": 5160, "wd": "papastew", "nm": "Duggan" }, "geometry": { "type": "Polygon", "coordinates": [ [ [ -113.49562, 53.47709 ], [ -113.50423, 53.47722 ], [ -113.50466, 53.47614 ], [ -113.50616, 53.475 ], [ -113.50865, 53.4758 ], [ -113.51634, 53.47578 ], [ -113.51636, 53.4658 ], [ -113.51327, 53.46608 ], [ -113.50792, 53.46722 ], [ -113.50415, 53.46779 ], [ -113.49619, 53.46777 ], [ -113.49588, 53.46887 ], [ -113.49562, 53.47709 ] ] ] } },
{ "type": "Feature", "properties": { "pc": 0.0, "ty": "Between mature and Henday", "ut": 0.0, "pt": 0, "pg": null, "p21": 6075.0, "rs": 1305, "di": "Northwest", "yb": 1979, "p71": null, "id": 3180, "wd": "Anirniq", "nm": "Dunluce" }, "geometry": { "type": "Polygon", "coordinates": [ [ [ -113.52888, 53.62877 ], [ -113.54118, 53.62871 ], [ -113.54113, 53.61696 ], [ -113.53731, 53.61697 ], [ -113.53129, 53.61698 ], [ -113.52739, 53.61629 ], [ -113.52474, 53.61513 ], [ -113.52266, 53.61448 ], [ -113.52063, 53.6142 ], [ -113.5167, 53.61418 ], [ -113.51709, 53.61692 ], [ -113.51872, 53.61909 ], [ -113.51927, 53.62105 ], [ -113.51874, 53.62281 ], [ -113.51772, 53.624 ], [ -113.51439, 53.6259 ], [ -113.51583, 53.62697 ], [ -113.51661, 53.62872 ], [ -113.52888, 53.62877 ] ] ] } },
{ "type": "Feature", "properties": { "pc": 0.02817, "ty": "Mature", "ut": 97.0, "pt": 18, "pg": -0.2154, "p21": 3935.0, "rs": 639, "di": "North Central", "yb": 1967, "p71": 5015.0, "id": 1100, "wd": "Métis", "nm": "Eastwood" }, "geometry": { "type": "Polygon", "coordinates": [ [ [ -113.45919, 53.57038 ], [ -113.45566, 53.57346 ], [ -113.45652, 53.57357 ], [ -113.45653, 53.57516 ], [ -113.45999, 53.57514 ], [ -113.45918, 53.57672 ], [ -113.46731, 53.57673 ], [ -113.46731, 53.58139 ], [ -113.47263, 53.58132 ], [ -113.47264, 53.57673 ], [ -113.47797, 53.57672 ], [ -113.47796, 53.57039 ], [ -113.45919, 53.57038 ] ] ] } },
{ "type": "Feature", "properties": { "pc": 0.00783, "ty": "Between mature and Henday", "ut": 5.0, "pt": 3, "pg": null, "p21": 3330.0, "rs": 383, "di": "Northwest", "yb": 2001, "p71": null, "id": 2241, "wd": "tastawiyiniwak", "nm": "Eaux Claires" }, "geometry": { "type": "Polygon", "coordinates": [ [ [ -113.49188, 53.62883 ], [ -113.49201, 53.62864 ], [ -113.49199, 53.62152 ], [ -113.49184, 53.62127 ], [ -113.49179, 53.61403 ], [ -113.48907, 53.61404 ], [ -113.4797, 53.61523 ], [ -113.47969, 53.62874 ], [ -113.48154, 53.62875 ], [ -113.49188, 53.62883 ] ] ] } },
{ "type": "Feature", "properties": { "pc": 0.0, "ty": "Between mature and Henday", "ut": 0.0, "pt": 0, "pg": null, "p21": 1225.0, "rs": 82, "di": "Northeast", "yb": 2016, "p71": null, "id": 2251, "wd": "Dene", "nm": "Ebbers" }, "geometry": { "type": "Polygon", "coordinates": [ [ [ -113.40319, 53.60685 ], [ -113.3885, 53.616 ], [ -113.39135, 53.61596 ], [ -113.393, 53.61566 ], [ -113.39707, 53.61448 ], [ -113.40084, 53.61413 ], [ -113.40366, 53.61415 ], [ -113.40474, 53.61268 ], [ -113.41159, 53.60686 ], [ -113.40319, 53.60685 ] ] ] } },
{ "type": "Feature", "properties": { "pc": 0.0, "ty": "Between mature and Henday", "ut": 0.0, "pt": 0, "pg": null, "p21": 2420.0, "rs": 572, "di": "Mill Woods and Meadows", "yb": 1975, "p71": null, "id": 6200, "wd": "Karhiio", "nm": "Ekota" }, "geometry": { "type": "Polygon", "coordinates": [ [ [ -113.44814, 53.45326 ], [ -113.44826, 53.45138 ], [ -113.44866, 53.45021 ], [ -113.44968, 53.44904 ], [ -113.45111, 53.44802 ], [ -113.45161, 53.44711 ], [ -113.45128, 53.44635 ], [ -113.4498, 53.44558 ], [ -113.44596, 53.44517 ], [ -113.44413, 53.44532 ], [ -113.4387, 53.4463 ], [ -113.43654, 53.44619 ], [ -113.43529, 53.44965 ], [ -113.4347, 53.45357 ], [ -113.43924, 53.45365 ], [ -113.44393, 53.45354 ], [ -113.44814, 53.45326 ] ] ] } },
{ "type": "Feature", "properties": { "pc": 0.00943, "ty": "Mature", "ut": 44.0, "pt": 7, "pg": -0.4335, "p21": 2705.0, "rs": 742, "di": "Jasper Place", "yb": 1964, "p71": 4775.0, "id": 4140, "wd": "sipiwiyiniwak", "nm": "Elmwood" }, "geometry": { "type": "Polygon", "coordinates": [ [ [ -113.61532, 53.51955 ], [ -113.61525, 53.51211 ], [ -113.6119, 53.5121 ], [ -113.60339, 53.51207 ], [ -113.59672, 53.51192 ], [ -113.59665, 53.51949 ], [ -113.60288, 53.51952 ], [ -113.61532, 53.51955 ] ] ] } },
{ "type": "Feature", "properties": { "pc": 0.01543, "ty": "Mature", "ut": 28.0, "pt": 5, "pg": -0.3148, "p21": 1230.0, "rs": 324, "di": "North Central", "yb": 1959, "p71": 1795.0, "id": 1130, "wd": "Métis", "nm": "Elmwood Park" }, "geometry": { "type": "Polygon", "coordinates": [ [ [ -113.45918, 53.57672 ], [ -113.45661, 53.57882 ], [ -113.45465, 53.57952 ], [ -113.45299, 53.58056 ], [ -113.45443, 53.58174 ], [ -113.45701, 53.58246 ], [ -113.46733, 53.58223 ], [ -113.46731, 53.58139 ], [ -113.46731, 53.57673 ], [ -113.45918, 53.57672 ] ] ] } },
{ "type": "Feature", "properties": { "pc": 0.0, "ty": "Between mature and Henday", "ut": 0.0, "pt": 0, "pg": null, "p21": 2585.0, "rs": 499, "di": "Northwest", "yb": 1993, "p71": null, "id": 3190, "wd": "tastawiyiniwak", "nm": "Elsinore" }, "geometry": { "type": "Polygon", "coordinates": [ [ [ -113.49193, 53.6433 ], [ -113.49556, 53.6433 ], [ -113.49792, 53.64495 ], [ -113.49953, 53.64541 ], [ -113.50428, 53.64547 ], [ -113.50429, 53.64252 ], [ -113.50689, 53.64253 ], [ -113.50692, 53.64054 ], [ -113.50563, 53.64067 ], [ -113.50571, 53.6387 ], [ -113.50437, 53.63685 ], [ -113.50564, 53.63687 ], [ -113.50564, 53.63606 ], [ -113.49212, 53.63606 ], [ -113.49189, 53.63845 ], [ -113.49193, 53.6433 ] ] ] } },
{ "type": "Feature", "properties": { "pc": 0.0073, "ty": "Mature", "ut": 1.0, "pt": 1, "pg": 1.2391, "p21": 4635.0, "rs": 137, "di": "Scona", "yb": 1964, "p71": 2070.0, "id": 5170, "wd": "papastew", "nm": "Empire Park" }, "geometry": { "type": "Polygon", "coordinates": [ [ [ -113.49491, 53.48813 ], [ -113.49897, 53.48824 ], [ -113.51097, 53.48825 ], [ -113.51672, 53.4882 ], [ -113.51681, 53.48306 ], [ -113.51122, 53.48237 ], [ -113.50427, 53.48117 ], [ -113.50022, 53.48061 ], [ -113.49556, 53.48047 ], [ -113.495, 53.48311 ], [ -113.49491, 53.48813 ] ] ] } },
{ "type": "Feature", "properties": { "pc": 0.0, "ty": "Between mature and Henday", "ut": 0.0, "pt": 0, "pg": null, "p21": 5140.0, "rs": 323, "di": "Whitemud", "yb": 1978, "p71": null, "id": 5180, "wd": "Ipiihkoohkanipiaohtsi", "nm": "Ermineskin" }, "geometry": { "type": "Polygon", "coordinates": [ [ [ -113.4952, 53.46134 ], [ -113.51647, 53.46131 ], [ -113.51647, 53.46117 ], [ -113.51645, 53.45395 ], [ -113.50147, 53.45394 ], [ -113.49252, 53.45399 ], [ -113.49249, 53.45563 ], [ -113.49507, 53.45567 ], [ -113.49478, 53.46027 ], [ -113.4952, 53.46134 ] ] ] } },
{ "type": "Feature", "properties": { "pc": 0.00178, "ty": "Mature", "ut": 9.0, "pt": 2, "pg": 8.6339, "p21": 5395.0, "rs": 1123, "di": "Northwest", "yb": 1972, "p71": 560.0, "id": 2260, "wd": "tastawiyiniwak", "nm": "Evansdale" }, "geometry": { "type": "Polygon", "coordinates": [ [ [ -113.4797, 53.61523 ], [ -113.48907, 53.61404 ], [ -113.49179, 53.61403 ], [ -113.49168, 53.60678 ], [ -113.4885, 53.60679 ], [ -113.48174, 53.60581 ], [ -113.47673, 53.60585 ], [ -113.47159, 53.60677 ], [ -113.46744, 53.60692 ], [ -113.46742, 53.61591 ], [ -113.47318, 53.6159 ], [ -113.4797, 53.61523 ] ] ] } },
{ "type": "Feature", "properties": { "pc": 0.0, "ty": "Between mature and Henday", "ut": 0.0, "pt": 0, "pg": null, "p21": 1670.0, "rs": 453, "di": "Whitemud", "yb": 1997, "p71": null, "id": 5190, "wd": "pihêsiwin", "nm": "Falconer Heights" }, "geometry": { "type": "Polygon", "coordinates": [ [ [ -113.58152, 53.46848 ], [ -113.58921, 53.47031 ], [ -113.59222, 53.4712 ], [ -113.59404, 53.4721 ], [ -113.59516, 53.47122 ], [ -113.59561, 53.47017 ], [ -113.59376, 53.46616 ], [ -113.5935, 53.46479 ], [ -113.5943, 53.4619 ], [ -113.5903, 53.46189 ], [ -113.5903, 53.46134 ], [ -113.59, 53.46134 ], [ -113.59, 53.46189 ], [ -113.58692, 53.46189 ], [ -113.58485, 53.46455 ], [ -113.58152, 53.46848 ] ] ] } },
{ "type": "Feature", "properties": { "pc": 0.01434, "ty": "Mature", "ut": 100.0, "pt": 20, "pg": -0.3639, "p21": 3995.0, "rs": 1395, "di": "Southeast", "yb": 1959, "p71": 6280.0, "id": 6230, "wd": "Métis", "nm": "Forest Heights" }, "geometry": { "type": "Polygon", "coordinates": [ [ [ -113.44332, 53.54378 ], [ -113.44532, 53.5436 ], [ -113.44645, 53.54312 ], [ -113.44645, 53.54212 ], [ -113.44817, 53.54185 ], [ -113.44788, 53.54327 ], [ -113.44666, 53.54344 ], [ -113.44615, 53.54414 ], [ -113.44374, 53.54512 ], [ -113.44374, 53.54632 ], [ -113.44121, 53.54808 ], [ -113.44168, 53.54921 ], [ -113.43938, 53.55019 ], [ -113.43922, 53.55284 ], [ -113.44019, 53.55327 ], [ -113.44313, 53.55257 ], [ -113.45446, 53.55103 ], [ -113.45713, 53.55031 ], [ -113.45715, 53.54917 ], [ -113.46017, 53.54917 ], [ -113.46017, 53.54818 ], [ -113.45704, 53.54784 ], [ -113.45705, 53.54312 ], [ -113.45684, 53.54123 ], [ -113.45899, 53.54122 ], [ -113.46081, 53.53987 ], [ -113.46314, 53.53872 ], [ -113.45616, 53.53752 ], [ -113.44294, 53.53753 ], [ -113.44326, 53.53786 ], [ -113.44332, 53.54378 ] ] ] } },
{ "type": "Feature", "properties": { "pc": 0.00508, "ty": "Between mature and Henday", "ut": 16.0, "pt": 5, "pg": null, "p21": 3965.0, "rs": 984, "di": "Northeast", "yb": 1983, "p71": null, "id": 2280, "wd": "Dene", "nm": "Fraser" }, "geometry": { "type": "Polygon", "coordinates": [ [ [ -113.37036, 53.60614 ], [ -113.36917, 53.60681 ], [ -113.36746, 53.60678 ], [ -113.36538, 53.608 ], [ -113.36443, 53.60974 ], [ -113.36669, 53.61074 ], [ -113.36583, 53.61125 ], [ -113.3627, 53.60991 ], [ -113.36339, 53.60803 ], [ -113.36029, 53.60935 ], [ -113.35676, 53.60992 ], [ -113.35812, 53.61327 ], [ -113.35963, 53.61461 ], [ -113.36195, 53.61554 ], [ -113.36794, 53.61611 ], [ -113.36794, 53.61405 ], [ -113.36901, 53.61405 ], [ -113.369, 53.61618 ], [ -113.3716, 53.61598 ], [ -113.37814, 53.61599 ], [ -113.38288, 53.60827 ], [ -113.37787, 53.6078 ], [ -113.37457, 53.60716 ], [ -113.37232, 53.60627 ], [ -113.37036, 53.60614 ] ] ] } },
{ "type": "Feature", "properties": { "pc": 0.0109, "ty": "Mature", "ut": 25.0, "pt": 9, "pg": -0.3376, "p21": 2345.0, "rs": 826, "di": "Southeast", "yb": 1956, "p71": 3540.0, "id": 6240, "wd": "Métis", "nm": "Fulton Place" }, "geometry": { "type": "Polygon", "coordinates": [ [ [ -113.41855, 53.54118 ], [ -113.41854, 53.55141 ], [ -113.42019, 53.55124 ], [ -113.42343, 53.55022 ], [ -113.42599, 53.54969 ], [ -113.42856, 53.54939 ], [ -113.43584, 53.54932 ], [ -113.43652, 53.54845 ], [ -113.43665, 53.54687 ], [ -113.43609, 53.54609 ], [ -113.43249, 53.54405 ], [ -113.42935, 53.54313 ], [ -113.42935, 53.54232 ], [ -113.42935, 53.54118 ], [ -113.42107, 53.54118 ], [ -113.41855, 53.54118 ] ] ] } },
{ "type": "Feature", "properties": { "pc": 0.0, "ty": "Between mature and Henday", "ut": 0.0, "pt": 0, "pg": null, "p21": 1800.0, "rs": 512, "di": "West Edmonton", "yb": 1980, "p71": null, "id": 4160, "wd": "sipiwiyiniwak", "nm": "Gariepy" }, "geometry": { "type": "Polygon", "coordinates": [ [ [ -113.6275, 53.48971 ], [ -113.62566, 53.4905 ], [ -113.62376, 53.49052 ], [ -113.62131, 53.49086 ], [ -113.61566, 53.4908 ], [ -113.61512, 53.49182 ], [ -113.61513, 53.49546 ], [ -113.61547, 53.4976 ], [ -113.62102, 53.49735 ], [ -113.62939, 53.49636 ], [ -113.62901, 53.49477 ], [ -113.62953, 53.49243 ], [ -113.63074, 53.49069 ], [ -113.62963, 53.49016 ], [ -113.6275, 53.48971 ] ] ] } },
{ "type": "Feature", "properties": { "pc": 0.03896, "ty": "Mature", "ut": 24.0, "pt": 9, "pg": 0.123, "p21": 6165.0, "rs": 231, "di": "Scona", "yb": 1948, "p71": 5490.0, "id": 5200, "wd": "papastew", "nm": "Garneau" }, "geometry": { "type": "Polygon", "coordinates": [ [ [ -113.50631, 53.5234 ], [ -113.50966, 53.52396 ], [ -113.51196, 53.52387 ], [ -113.51295, 53.52446 ], [ -113.51361, 53.52575 ], [ -113.515, 53.52575 ], [ -113.51501, 53.52289 ], [ -113.52079, 53.5229 ], [ -113.52075, 53.5181 ], [ -113.52163, 53.51694 ], [ -113.52308, 53.51628 ], [ -113.52298, 53.51592 ], [ -113.51204, 53.51407 ], [ -113.51204, 53.5181 ], [ -113.50631, 53.51809 ], [ -113.50631, 53.5234 ] ] ] } },
{ "type": "Feature", "properties": { "pc": 0.00384, "ty": "Mature", "ut": 7.0, "pt": 3, "pg": -0.419, "p21": 2995.0, "rs": 782, "di": "Northwest", "yb": 1962, "p71": 5155.0, "id": 2290, "wd": "tastawiyiniwak", "nm": "Glengarry" }, "geometry": { "type": "Polygon", "coordinates": [ [ [ -113.49207, 53.5995 ], [ -113.49192, 53.59677 ], [ -113.49195, 53.59205 ], [ -113.48193, 53.59215 ], [ -113.46724, 53.59221 ], [ -113.4674, 53.59966 ], [ -113.48091, 53.59949 ], [ -113.49207, 53.5995 ] ] ] } },
{ "type": "Feature", "properties": { "pc": 0.02629, "ty": "Mature", "ut": 154.0, "pt": 30, "pg": -0.2094, "p21": 3530.0, "rs": 1141, "di": "Central", "yb": 1965, "p71": 4465.0, "id": 3200, "wd": "Nakota Isga", "nm": "Glenora" }, "geometry": { "type": "Polygon", "coordinates": [ [ [ -113.56567, 53.53974 ], [ -113.56424, 53.53916 ], [ -113.56204, 53.53945 ], [ -113.5597, 53.54014 ], [ -113.55667, 53.53927 ], [ -113.55342, 53.53883 ], [ -113.55058, 53.5399 ], [ -113.55141, 53.54117 ], [ -113.55346, 53.54194 ], [ -113.55357, 53.54263 ], [ -113.55059, 53.54188 ], [ -113.55031, 53.54304 ], [ -113.54867, 53.54304 ], [ -113.54754, 53.5449 ], [ -113.5466, 53.54404 ], [ -113.54827, 53.54205 ], [ -113.54845, 53.54078 ], [ -113.54704, 53.54007 ], [ -113.54253, 53.54095 ], [ -113.54253, 53.54172 ], [ -113.54138, 53.54291 ], [ -113.54164, 53.54383 ], [ -113.54364, 53.54468 ], [ -113.5437, 53.54552 ], [ -113.54595, 53.5462 ], [ -113.54559, 53.54679 ], [ -113.54708, 53.54806 ], [ -113.5496, 53.54862 ], [ -113.54863, 53.54945 ], [ -113.5498, 53.55098 ], [ -113.56582, 53.55098 ], [ -113.56567, 53.53974 ] ] ] } },
{ "type": "Feature", "properties": { "pc": 0.05808, "ty": "Mature", "ut": 347.0, "pt": 55, "pg": -0.1221, "p21": 4960.0, "rs": 947, "di": "Jasper Place", "yb": 1967, "p71": 5650.0, "id": 4180, "wd": "Nakota Isga", "nm": "Glenwood" }, "geometry": { "type": "Polygon", "coordinates": [ [ [ -113.61487, 53.54129 ], [ -113.61502, 53.5378 ], [ -113.61525, 53.53753 ], [ -113.61516, 53.53169 ], [ -113.6027, 53.5316 ], [ -113.59035, 53.53153 ], [ -113.59033, 53.5413 ], [ -113.61487, 53.54129 ] ] ] } },
{ "type": "Feature", "properties": { "pc": 0.00335, "ty": "Mature", "ut": 11.0, "pt": 3, "pg": -0.4364, "p21": 2660.0, "rs": 895, "di": "Southeast", "yb": 1958, "p71": 4720.0, "id": 6270, "wd": "Métis", "nm": "Gold Bar" }, "geometry": { "type": "Polygon", "coordinates": [ [ [ -113.41855, 53.54118 ], [ -113.41138, 53.54115 ], [ -113.41138, 53.54223 ], [ -113.40924, 53.54287 ], [ -113.40752, 53.54287 ], [ -113.40718, 53.54612 ], [ -113.40717, 53.54785 ], [ -113.40639, 53.54784 ], [ -113.40497, 53.54947 ], [ -113.40457, 53.55234 ], [ -113.40602, 53.55323 ], [ -113.40805, 53.55332 ], [ -113.4087, 53.55229 ], [ -113.41061, 53.55289 ], [ -113.4143, 53.55289 ], [ -113.41474, 53.55367 ], [ -113.41008, 53.55351 ], [ -113.40808, 53.55456 ], [ -113.40797, 53.5556 ], [ -113.409, 53.5556 ], [ -113.40976, 53.55667 ], [ -113.41106, 53.55634 ], [ -113.41022, 53.55516 ], [ -113.41151, 53.55481 ], [ -113.41153, 53.55405 ], [ -113.41485, 53.55411 ], [ -113.41552, 53.55228 ], [ -113.41854, 53.55227 ], [ -113.41854, 53.55141 ], [ -113.41855, 53.54118 ] ] ] } },
{ "type": "Feature", "properties": { "pc": 0.02747, "ty": "Mature", "ut": 27.0, "pt": 10, "pg": -0.176, "p21": 1030.0, "rs": 364, "di": "Scona", "yb": 1965, "p71": 1250.0, "id": 5210, "wd": "papastew", "nm": "Grandview Heights" }, "geometry": { "type": "Polygon", "coordinates": [ [ [ -113.54645, 53.50262 ], [ -113.55028, 53.50177 ], [ -113.55504, 53.50175 ], [ -113.55601, 53.50158 ], [ -113.55695, 53.50043 ], [ -113.55647, 53.49774 ], [ -113.54113, 53.49772 ], [ -113.54114, 53.50378 ], [ -113.5442, 53.50461 ], [ -113.5468, 53.50305 ], [ -113.54645, 53.50262 ] ] ] } },
{ "type": "Feature", "properties": { "pc": 0.00074, "ty": "Mature", "ut": 1.0, "pt": 1, "pg": -0.3722, "p21": 3635.0, "rs": 1360, "di": "Whitemud", "yb": 1967, "p71": 5790.0, "id": 5220, "wd": "papastew", "nm": "Greenfield" }, "geometry": { "type": "Polygon", "coordinates": [ [ [ -113.53871, 53.46745 ], [ -113.53376, 53.46746 ], [ -113.53067, 53.46732 ], [ -113.51911, 53.46581 ], [ -113.51636, 53.4658 ], [ -113.51634, 53.47578 ], [ -113.52403, 53.47579 ], [ -113.5286, 53.47619 ], [ -113.53212, 53.47633 ], [ -113.53864, 53.47634 ], [ -113.53867, 53.47267 ], [ -113.53871, 53.46745 ] ] ] } },
{ "type": "Feature", "properties": { "pc": 0.00511, "ty": "Between mature and Henday", "ut": 16.0, "pt": 4, "pg": null, "p21": 2825.0, "rs": 783, "di": "Mill Woods and Meadows", "yb": 1978, "p71": null, "id": 6280, "wd": "Karhiio", "nm": "Greenview" }, "geometry": { "type": "Polygon", "coordinates": [ [ [ -113.41731, 53.47696 ], [ -113.41916, 53.47701 ], [ -113.42204, 53.47833 ], [ -113.42265, 53.48 ], [ -113.4242, 53.48036 ], [ -113.42446, 53.47906 ], [ -113.42526, 53.479 ], [ -113.42603, 53.47807 ], [ -113.4273, 53.4784 ], [ -113.42787, 53.48049 ], [ -113.4303, 53.4805 ], [ -113.43212, 53.47939 ], [ -113.43164, 53.47813 ], [ -113.43588, 53.47815 ], [ -113.43803, 53.47736 ], [ -113.44021, 53.47715 ], [ -113.43932, 53.47596 ], [ -113.43915, 53.47434 ], [ -113.43504, 53.47443 ], [ -113.43232, 53.47428 ], [ -113.42847, 53.47346 ], [ -113.42504, 53.47214 ], [ -113.42191, 53.47121 ], [ -113.41862, 53.4705 ], [ -113.41593, 53.47011 ], [ -113.41542, 53.47286 ], [ -113.41596, 53.4746 ], [ -113.41684, 53.47614 ], [ -113.41731, 53.47696 ] ] ] } },
{ "type": "Feature", "properties": { "pc": 0.04983, "ty": "Mature", "ut": 213.0, "pt": 44, "pg": -0.1661, "p21": 2585.0, "rs": 883, "di": "Jasper Place", "yb": 1957, "p71": 3100.0, "id": 3210, "wd": "Nakota Isga", "nm": "Grovenor" }, "geometry": { "type": "Polygon", "coordinates": [ [ [ -113.57805, 53.54174 ], [ -113.57474, 53.54214 ], [ -113.57376, 53.54131 ], [ -113.57038, 53.54019 ], [ -113.56891, 53.54023 ], [ -113.56688, 53.53974 ], [ -113.56567, 53.53974 ], [ -113.56582, 53.55098 ], [ -113.56922, 53.55106 ], [ -113.57797, 53.55106 ], [ -113.57809, 53.54861 ], [ -113.57805, 53.54174 ] ] ] } },
{ "type": "Feature", "properties": { "pc": 0.0, "ty": "Between mature and Henday", "ut": 0.0, "pt": 0, "pg": null, "p21": 4335.0, "rs": 717, "di": "Whitemud", "yb": 2001, "p71": null, "id": 5610, "wd": "pihêsiwin", "nm": "Haddow" }, "geometry": { "type": "Polygon", "coordinates": [ [ [ -113.58735, 53.46129 ], [ -113.59, 53.46134 ], [ -113.5903, 53.46134 ], [ -113.60256, 53.46137 ], [ -113.6046, 53.46138 ], [ -113.60624, 53.46029 ], [ -113.60579, 53.45748 ], [ -113.60409, 53.45559 ], [ -113.59975, 53.44965 ], [ -113.59627, 53.44884 ], [ -113.59484, 53.44812 ], [ -113.59302, 53.44914 ], [ -113.59187, 53.45032 ], [ -113.5901, 53.45031 ], [ -113.58958, 53.45138 ], [ -113.5895, 53.45491 ], [ -113.58918, 53.45755 ], [ -113.58822, 53.45997 ], [ -113.58735, 53.46129 ] ] ] } },
{ "type": "Feature", "properties": { "pc": 0.0, "ty": "Between mature and Henday", "ut": 0.0, "pt": 0, "pg": null, "p21": 2265.0, "rs": 290, "di": "Northeast", "yb": 1979, "p71": null, "id": 2320, "wd": "Dene", "nm": "Hairsine" }, "geometry": { "type": "Polygon", "coordinates": [ [ [ -113.39592, 53.60684 ], [ -113.39654, 53.60061 ], [ -113.3962, 53.5992 ], [ -113.39057, 53.59964 ], [ -113.38613, 53.59965 ], [ -113.38611, 53.60194 ], [ -113.38565, 53.60374 ], [ -113.38288, 53.60827 ], [ -113.38643, 53.60837 ], [ -113.39338, 53.60694 ], [ -113.39592, 53.60684 ] ] ] } },
{ "type": "Feature", "properties": { "pc": 0.02402, "ty": "Mature", "ut": 104.0, "pt": 25, "pg": -0.3862, "p21": 3155.0, "rs": 1041, "di": "Scona", "yb": 1955, "p71": 5140.0, "id": 6290, "wd": "papastew", "nm": "Hazeldean" }, "geometry": { "type": "Polygon", "coordinates": [ [ [ -113.46665, 53.50848 ], [ -113.47962, 53.50849 ], [ -113.48618, 53.50853 ], [ -113.48625, 53.50806 ], [ -113.48623, 53.49987 ], [ -113.47948, 53.49991 ], [ -113.46946, 53.49987 ], [ -113.46946, 53.50089 ], [ -113.46788, 53.50088 ], [ -113.46788, 53.5029 ], [ -113.46958, 53.5039 ], [ -113.46969, 53.50611 ], [ -113.46845, 53.50611 ], [ -113.46664, 53.50753 ], [ -113.46665, 53.50848 ] ] ] } },
{ "type": "Feature", "properties": { "pc": 0.0, "ty": "Between mature and Henday", "ut": 0.0, "pt": 0, "pg": null, "p21": 1595.0, "rs": 573, "di": "Whitemud", "yb": 1989, "p71": null, "id": 5230, "wd": "pihêsiwin", "nm": "Henderson Estates" }, "geometry": { "type": "Polygon", "coordinates": [ [ [ -113.60256, 53.46137 ], [ -113.5903, 53.46134 ], [ -113.5903, 53.46189 ], [ -113.5943, 53.4619 ], [ -113.5935, 53.46479 ], [ -113.59376, 53.46616 ], [ -113.59561, 53.47017 ], [ -113.59516, 53.47122 ], [ -113.59404, 53.4721 ], [ -113.60097, 53.47578 ], [ -113.60272, 53.47578 ], [ -113.60271, 53.46858 ], [ -113.6016, 53.46858 ], [ -113.60121, 53.46686 ], [ -113.60227, 53.465 ], [ -113.60155, 53.46425 ], [ -113.60253, 53.46386 ], [ -113.60346, 53.46245 ], [ -113.60256, 53.46137 ] ] ] } },
{ "type": "Feature", "properties": { "pc": 0.07317, "ty": "Mature", "ut": 227.0, "pt": 45, "pg": -0.4185, "p21": 1480.0, "rs": 615, "di": "Jasper Place", "yb": 1961, "p71": 2545.0, "id": 4200, "wd": "Nakota Isga", "nm": "High Park" }, "geometry": { "type": "Polygon", "coordinates": [ [ [ -113.57797, 53.55106 ], [ -113.57797, 53.55889 ], [ -113.5904, 53.55893 ], [ -113.59044, 53.5514 ], [ -113.59036, 53.55111 ], [ -113.58687, 53.55105 ], [ -113.57797, 53.55106 ] ] ] } },
{ "type": "Feature", "properties": { "pc": 0.01609, "ty": "Mature", "ut": 74.0, "pt": 18, "pg": -0.3024, "p21": 2710.0, "rs": 1119, "di": "North Central", "yb": 1950, "p71": 3885.0, "id": 2330, "wd": "Métis", "nm": "Highlands" }, "geometry": { "type": "Polygon", "coordinates": [ [ [ -113.43898, 53.56162 ], [ -113.43771, 53.56193 ], [ -113.438, 53.56264 ], [ -113.43677, 53.56293 ], [ -113.43581, 53.56253 ], [ -113.43396, 53.56273 ], [ -113.4294, 53.5644 ], [ -113.41839, 53.56559 ], [ -113.41839, 53.57035 ], [ -113.4307, 53.57036 ], [ -113.44487, 53.57037 ], [ -113.43898, 53.56162 ] ] ] } },
{ "type": "Feature", "properties": { "pc": 0.00125, "ty": "Between mature and Henday", "ut": 7.0, "pt": 1, "pg": 8.3067, "p21": 3490.0, "rs": 798, "di": "Mill Woods and Meadows", "yb": 1978, "p71": 375.0, "id": 6300, "wd": "Karhiio", "nm": "Hillview" }, "geometry": { "type": "Polygon", "coordinates": [ [ [ -113.43915, 53.47434 ], [ -113.43899, 53.47266 ], [ -113.43837, 53.47065 ], [ -113.43599, 53.46545 ], [ -113.43201, 53.46548 ], [ -113.42449, 53.46531 ], [ -113.42042, 53.46506 ], [ -113.41955, 53.46644 ], [ -113.41707, 53.46866 ], [ -113.41593, 53.47011 ], [ -113.41862, 53.4705 ], [ -113.42191, 53.47121 ], [ -113.42504, 53.47214 ], [ -113.42847, 53.47346 ], [ -113.43232, 53.47428 ], [ -113.43504, 53.47443 ], [ -113.43915, 53.47434 ] ] ] } },
{ "type": "Feature", "properties": { "pc": 0.0, "ty": "Between mature and Henday", "ut": 0.0, "pt": 0, "pg": null, "p21": 2625.0, "rs": 34, "di": "Whitemud", "yb": 2003, "p71": null, "id": 5620, "wd": "pihêsiwin", "nm": "Hodgson" }, "geometry": { "type": "Polygon", "coordinates": [ [ [ -113.5518, 53.45412 ], [ -113.55094, 53.45453 ], [ -113.55098, 53.45552 ], [ -113.55275, 53.45596 ], [ -113.55375, 53.45669 ], [ -113.55412, 53.4587 ], [ -113.55351, 53.46013 ], [ -113.55483, 53.46131 ], [ -113.56573, 53.46131 ], [ -113.56784, 53.46132 ], [ -113.56599, 53.45861 ], [ -113.56557, 53.4568 ], [ -113.56551, 53.45404 ], [ -113.55402, 53.45404 ], [ -113.5518, 53.45412 ] ] ] } },
{ "type": "Feature", "properties": { "pc": 0.0, "ty": "Between mature and Henday", "ut": 0.0, "pt": 0, "pg": null, "p21": 6730.0, "rs": 808, "di": "Northeast", "yb": 1996, "p71": null, "id": 2340, "wd": "Dene", "nm": "Hollick-Kenyon" }, "geometry": { "type": "Polygon", "coordinates": [ [ [ -113.41196, 53.62864 ], [ -113.43074, 53.62864 ], [ -113.4306, 53.62748 ], [ -113.42947, 53.62632 ], [ -113.42912, 53.62525 ], [ -113.43071, 53.6233 ], [ -113.4307, 53.6195 ], [ -113.43096, 53.61888 ], [ -113.43264, 53.61738 ], [ -113.43284, 53.61586 ], [ -113.43052, 53.61585 ], [ -113.41822, 53.61582 ], [ -113.41812, 53.61808 ], [ -113.41647, 53.62018 ], [ -113.4134, 53.62262 ], [ -113.41218, 53.62408 ], [ -113.41178, 53.62568 ], [ -113.41196, 53.62864 ] ] ] } },
{ "type": "Feature", "properties": { "pc": 0.03053, "ty": "Mature", "ut": 169.0, "pt": 33, "pg": -0.4063, "p21": 3200.0, "rs": 1081, "di": "Southeast", "yb": 1955, "p71": 5390.0, "id": 6310, "wd": "Métis", "nm": "Holyrood" }, "geometry": { "type": "Polygon", "coordinates": [ [ [ -113.4429, 53.52523 ], [ -113.44294, 53.53753 ], [ -113.45616, 53.53752 ], [ -113.45587, 53.53545 ], [ -113.45752, 53.53287 ], [ -113.45747, 53.52526 ], [ -113.4518, 53.52519 ], [ -113.4429, 53.52523 ] ] ] } },
{ "type": "Feature", "properties": { "pc": 0.0, "ty": "Between mature and Henday", "ut": 0.0, "pt": 0, "pg": null, "p21": 3915.0, "rs": 525, "di": "Northeast", "yb": 1975, "p71": null, "id": 2350, "wd": "Dene", "nm": "Homesteader" }, "geometry": { "type": "Polygon", "coordinates": [ [ [ -113.39673, 53.58734 ], [ -113.40078, 53.58741 ], [ -113.40123, 53.58837 ], [ -113.40207, 53.58852 ], [ -113.40209, 53.58992 ], [ -113.40427, 53.59021 ], [ -113.40475, 53.59074 ], [ -113.40692, 53.59053 ], [ -113.40838, 53.59075 ], [ -113.41031, 53.59061 ], [ -113.41249, 53.59099 ], [ -113.41355, 53.59152 ], [ -113.41677, 53.59153 ], [ -113.41808, 53.58953 ], [ -113.4184, 53.58739 ], [ -113.41831, 53.5825 ], [ -113.41378, 53.58236 ], [ -113.41125, 53.58193 ], [ -113.39375, 53.57791 ], [ -113.39375, 53.58279 ], [ -113.39658, 53.58302 ], [ -113.39624, 53.58375 ], [ -113.39457, 53.58461 ], [ -113.39551, 53.58616 ], [ -113.39673, 53.58734 ] ] ] } },
{ "type": "Feature", "properties": { "pc": 0.0, "ty": "Between mature and Henday", "ut": 0.0, "pt": 0, "pg": null, "p21": 2725.0, "rs": 319, "di": "Northwest", "yb": 2003, "p71": null, "id": 3480, "wd": "Anirniq", "nm": "Hudson" }, "geometry": { "type": "Polygon", "coordinates": [ [ [ -113.54369, 53.60432 ], [ -113.54436, 53.60457 ], [ -113.54679, 53.60669 ], [ -113.54826, 53.60727 ], [ -113.55082, 53.60763 ], [ -113.55314, 53.60767 ], [ -113.55669, 53.60809 ], [ -113.56005, 53.60812 ], [ -113.55966, 53.60686 ], [ -113.56242, 53.60686 ], [ -113.56225, 53.60144 ], [ -113.55957, 53.60144 ], [ -113.55957, 53.60105 ], [ -113.55349, 53.60105 ], [ -113.55349, 53.60243 ], [ -113.54743, 53.60242 ], [ -113.54441, 53.60222 ], [ -113.54441, 53.6035 ], [ -113.54369, 53.60432 ] ] ] } },
{ "type": "Feature", "properties": { "pc": 0.02788, "ty": "Mature", "ut": 76.0, "pt": 15, "pg": -0.2827, "p21": 1725.0, "rs": 538, "di": "Southeast", "yb": 1954, "p71": 2405.0, "id": 6320, "wd": "Métis", "nm": "Idylwylde" }, "geometry": { "type": "Polygon", "coordinates": [ [ [ -113.44306, 53.51804 ], [ -113.44306, 53.52469 ], [ -113.4429, 53.52523 ], [ -113.4518, 53.52519 ], [ -113.45747, 53.52526 ], [ -113.45518, 53.52257 ], [ -113.45511, 53.518 ], [ -113.44306, 53.51804 ] ] ] } },
{ "type": "Feature", "properties": { "pc": 0.06035, "ty": "Mature", "ut": 339.0, "pt": 65, "pg": -0.0801, "p21": 6945.0, "rs": 1077, "di": "Central", "yb": 1955, "p71": 7550.0, "id": 3240, "wd": "Anirniq", "nm": "Inglewood" }, "geometry": { "type": "Polygon", "coordinates": [ [ [ -113.5514, 53.55892 ], [ -113.5309, 53.55889 ], [ -113.53095, 53.57031 ], [ -113.54119, 53.57031 ], [ -113.54938, 53.57028 ], [ -113.54947, 53.56683 ], [ -113.54968, 53.56594 ], [ -113.55145, 53.56356 ], [ -113.5514, 53.55892 ] ] ] } },
{ "type": "Feature", "properties": { "pc": 0.0, "ty": "Between mature and Henday", "ut": 0.0, "pt": 0, "pg": null, "p21": 4050.0, "rs": 895, "di": "Mill Woods and Meadows", "yb": 1993, "p71": null, "id": 6330, "wd": "Sspomitapi", "nm": "Jackson Heights" }, "geometry": { "type": "Polygon", "coordinates": [ [ [ -113.39378, 53.48753 ], [ -113.40813, 53.48769 ], [ -113.41822, 53.48729 ], [ -113.41815, 53.47923 ], [ -113.41731, 53.47696 ], [ -113.41684, 53.47614 ], [ -113.41525, 53.4761 ], [ -113.4134, 53.47563 ], [ -113.40864, 53.47872 ], [ -113.40161, 53.48278 ], [ -113.39377, 53.48705 ], [ -113.39378, 53.48753 ] ] ] } },
{ "type": "Feature", "properties": { "pc": 0.0, "ty": "Between mature and Henday", "ut": 0.0, "pt": 0, "pg": null, "p21": 3855.0, "rs": 900, "di": "West Edmonton", "yb": 1992, "p71": null, "id": 4220, "wd": "sipiwiyiniwak", "nm": "Jamieson Place" }, "geometry": { "type": "Polygon", "coordinates": [ [ [ -113.65186, 53.48189 ], [ -113.6483, 53.48379 ], [ -113.64578, 53.48451 ], [ -113.64408, 53.48756 ], [ -113.64111, 53.49018 ], [ -113.64016, 53.49217 ], [ -113.64017, 53.49553 ], [ -113.64839, 53.49544 ], [ -113.6521, 53.49504 ], [ -113.6521, 53.49344 ], [ -113.65317, 53.49318 ], [ -113.65463, 53.49046 ], [ -113.65551, 53.48732 ], [ -113.65566, 53.48391 ], [ -113.65411, 53.48194 ], [ -113.65186, 53.4825 ], [ -113.65186, 53.48189 ] ] ] } },
{ "type": "Feature", "properties": { "pc": 0.0587, "ty": "Mature", "ut": 168.0, "pt": 28, "pg": -0.0893, "p21": 2040.0, "rs": 477, "di": "Jasper Place", "yb": 1959, "p71": 2240.0, "id": 4230, "wd": "sipiwiyiniwak", "nm": "Jasper Park" }, "geometry": { "type": "Polygon", "coordinates": [ [ [ -113.59033, 53.52667 ], [ -113.59035, 53.51946 ], [ -113.57791, 53.51943 ], [ -113.57794, 53.52669 ], [ -113.59033, 53.52667 ] ] ] } },
{ "type": "Feature", "properties": { "pc": 0.0, "ty": "Between mature and Henday", "ut": 0.0, "pt": 0, "pg": null, "p21": 2485.0, "rs": 311, "di": "Mill Woods and Meadows", "yb": 1974, "p71": null, "id": 6340, "wd": "Karhiio", "nm": "Kameyosek" }, "geometry": { "type": "Polygon", "coordinates": [ [ [ -113.44806, 53.45847 ], [ -113.4343, 53.45839 ], [ -113.43422, 53.45991 ], [ -113.43459, 53.46213 ], [ -113.43599, 53.46545 ], [ -113.44462, 53.46497 ], [ -113.45055, 53.46485 ], [ -113.45038, 53.46298 ], [ -113.44813, 53.45999 ], [ -113.44806, 53.45847 ] ] ] } },
{ "type": "Feature", "properties": { "pc": 0.0, "ty": "Between mature and Henday", "ut": 0.0, "pt": 0, "pg": null, "p21": 2770.0, "rs": 503, "di": "Whitemud", "yb": 1983, "p71": null, "id": 5250, "wd": "Ipiihkoohkanipiaohtsi", "nm": "Keheewin" }, "geometry": { "type": "Polygon", "coordinates": [ [ [ -113.514, 53.44668 ], [ -113.50006, 53.44668 ], [ -113.49269, 53.44664 ], [ -113.49252, 53.45399 ], [ -113.50147, 53.45394 ], [ -113.51645, 53.45395 ], [ -113.51639, 53.44751 ], [ -113.514, 53.44668 ] ] ] } },
{ "type": "Feature", "properties": { "pc": 0.00306, "ty": "Mature", "ut": 8.0, "pt": 3, "pg": -0.4291, "p21": 2535.0, "rs": 979, "di": "Southeast", "yb": 1964, "p71": 4440.0, "id": 6350, "wd": "Métis", "nm": "Kenilworth" }, "geometry": { "type": "Polygon", "coordinates": [ [ [ -113.41859, 53.52139 ], [ -113.42058, 53.52237 ], [ -113.42935, 53.52503 ], [ -113.43044, 53.52518 ], [ -113.4429, 53.52523 ], [ -113.44306, 53.52469 ], [ -113.44306, 53.51804 ], [ -113.4368, 53.51804 ], [ -113.41855, 53.51803 ], [ -113.41859, 53.52139 ] ] ] } },
{ "type": "Feature", "properties": { "pc": 0.00444, "ty": "Mature", "ut": 29.0, "pt": 5, "pg": -0.3783, "p21": 3460.0, "rs": 1125, "di": "Northwest", "yb": 1962, "p71": 5565.0, "id": 3250, "wd": "Anirniq", "nm": "Kensington" }, "geometry": { "type": "Polygon", "coordinates": [ [ [ -113.53495, 53.59945 ], [ -113.54116, 53.59941 ], [ -113.54117, 53.59219 ], [ -113.51658, 53.59213 ], [ -113.51671, 53.59945 ], [ -113.51832, 53.59955 ], [ -113.52799, 53.59959 ], [ -113.52891, 53.59946 ], [ -113.53092, 53.59946 ], [ -113.53495, 53.59945 ] ] ] } },
{ "type": "Feature", "properties": { "pc": 0.0, "ty": "Between mature and Henday", "ut": 0.0, "pt": 0, "pg": null, "p21": 3060.0, "rs": 610, "di": "Northeast", "yb": 1977, "p71": null, "id": 2390, "wd": "Dene", "nm": "Kernohan" }, "geometry": { "type": "Polygon", "coordinates": [ [ [ -113.38469, 53.58659 ], [ -113.38358, 53.58704 ], [ -113.38105, 53.58657 ], [ -113.37991, 53.58592 ], [ -113.37727, 53.58681 ], [ -113.37641, 53.58735 ], [ -113.37675, 53.58965 ], [ -113.3766, 53.59173 ], [ -113.37807, 53.59162 ], [ -113.3777, 53.59251 ], [ -113.37667, 53.59294 ], [ -113.37656, 53.59609 ], [ -113.37523, 53.59821 ], [ -113.37521, 53.599 ], [ -113.3744, 53.59968 ], [ -113.37549, 53.60029 ], [ -113.37678, 53.59986 ], [ -113.37934, 53.59967 ], [ -113.38613, 53.59965 ], [ -113.38612, 53.59167 ], [ -113.38568, 53.58934 ], [ -113.38469, 53.58659 ] ] ] } },
{ "type": "Feature", "properties": { "pc": 0.0, "ty": "Mature", "ut": 0.0, "pt": 0, "pg": -0.1487, "p21": 2720.0, "rs": 573, "di": "Northeast", "yb": 1967, "p71": 3195.0, "id": 2400, "wd": "tastawiyiniwak", "nm": "Kildare" }, "geometry": { "type": "Polygon", "coordinates": [ [ [ -113.44281, 53.60484 ], [ -113.44693, 53.60496 ], [ -113.45557, 53.60683 ], [ -113.45647, 53.60691 ], [ -113.46744, 53.60692 ], [ -113.46749, 53.60105 ], [ -113.4674, 53.59966 ], [ -113.44906, 53.59969 ], [ -113.44294, 53.59966 ], [ -113.44281, 53.60484 ] ] ] } },
{ "type": "Feature", "properties": { "pc": 0.0, "ty": "Mature", "ut": 0.0, "pt": 0, "pg": 0.2439, "p21": 5380.0, "rs": 1299, "di": "Northeast", "yb": 1969, "p71": 4325.0, "id": 2410, "wd": "tastawiyiniwak", "nm": "Kilkenny" }, "geometry": { "type": "Polygon", "coordinates": [ [ [ -113.44281, 53.60484 ], [ -113.44283, 53.61587 ], [ -113.45494, 53.61586 ], [ -113.46742, 53.61591 ], [ -113.46744, 53.60692 ], [ -113.45647, 53.60691 ], [ -113.45557, 53.60683 ], [ -113.44693, 53.60496 ], [ -113.44281, 53.60484 ] ] ] } },
{ "type": "Feature", "properties": { "pc": 0.0116, "ty": "Mature", "ut": 51.0, "pt": 10, "pg": -0.3818, "p21": 3870.0, "rs": 862, "di": "Northwest", "yb": 1960, "p71": 6260.0, "id": 2420, "wd": "tastawiyiniwak", "nm": "Killarney" }, "geometry": { "type": "Polygon", "coordinates": [ [ [ -113.49195, 53.59205 ], [ -113.49196, 53.58477 ], [ -113.48606, 53.58485 ], [ -113.48286, 53.5848 ], [ -113.4673, 53.58485 ], [ -113.46718, 53.58696 ], [ -113.46724, 53.59221 ], [ -113.48193, 53.59215 ], [ -113.49195, 53.59205 ] ] ] } },
{ "type": "Feature", "properties": { "pc": 0.04533, "ty": "Mature", "ut": 286.0, "pt": 66, "pg": -0.2361, "p21": 4820.0, "rs": 1456, "di": "Southeast", "yb": 1957, "p71": 6310.0, "id": 6360, "wd": "Métis", "nm": "King Edward Park" }, "geometry": { "type": "Polygon", "coordinates": [ [ [ -113.44305, 53.51226 ], [ -113.43673, 53.51225 ], [ -113.43445, 53.51472 ], [ -113.43159, 53.51632 ], [ -113.4368, 53.51759 ], [ -113.4368, 53.51804 ], [ -113.44306, 53.51804 ], [ -113.45511, 53.518 ], [ -113.47015, 53.51803 ], [ -113.47015, 53.5175 ], [ -113.47227, 53.51747 ], [ -113.47121, 53.51607 ], [ -113.46741, 53.51608 ], [ -113.46741, 53.51513 ], [ -113.47044, 53.51513 ], [ -113.47044, 53.51417 ], [ -113.46945, 53.51371 ], [ -113.46937, 53.51253 ], [ -113.46657, 53.51276 ], [ -113.4659, 53.51229 ], [ -113.44305, 53.51226 ] ] ] } },
{ "type": "Feature", "properties": { "pc": 0.0, "ty": "Between mature and Henday", "ut": 0.0, "pt": 0, "pg": null, "p21": 6465.0, "rs": 639, "di": "Mill Woods and Meadows", "yb": 1995, "p71": null, "id": 6370, "wd": "Sspomitapi", "nm": "Kiniski Gardens" }, "geometry": { "type": "Polygon", "coordinates": [ [ [ -113.39377, 53.48705 ], [ -113.40161, 53.48278 ], [ -113.40864, 53.47872 ], [ -113.4134, 53.47563 ], [ -113.41322, 53.47248 ], [ -113.41192, 53.4723 ], [ -113.41179, 53.47099 ], [ -113.41043, 53.47091 ], [ -113.40939, 53.46978 ], [ -113.40752, 53.47001 ], [ -113.40599, 53.46916 ], [ -113.40586, 53.46848 ], [ -113.4042, 53.46846 ], [ -113.40352, 53.46779 ], [ -113.40159, 53.46713 ], [ -113.3997, 53.46568 ], [ -113.39696, 53.46616 ], [ -113.39634, 53.4648 ], [ -113.3938, 53.46545 ], [ -113.39378, 53.46653 ], [ -113.39364, 53.47293 ], [ -113.39377, 53.48705 ] ] ] } },
{ "type": "Feature", "properties": { "pc": 0.0, "ty": "Between mature and Henday", "ut": 0.0, "pt": 0, "pg": null, "p21": 3995.0, "rs": 769, "di": "Northeast", "yb": 1984, "p71": null, "id": 2430, "wd": "Dene", "nm": "Kirkness" }, "geometry": { "type": "Polygon", "coordinates": [ [ [ -113.37814, 53.61599 ], [ -113.3885, 53.616 ], [ -113.40319, 53.60685 ], [ -113.39592, 53.60684 ], [ -113.39338, 53.60694 ], [ -113.38643, 53.60837 ], [ -113.38288, 53.60827 ], [ -113.37814, 53.61599 ] ] ] } },
{ "type": "Feature", "properties": { "pc": 0.0, "ty": "Between mature and Henday", "ut": 0.0, "pt": 0, "pg": null, "p21": 6085.0, "rs": 527, "di": "Northwest", "yb": 1996, "p71": null, "id": 2440, "wd": "tastawiyiniwak", "nm": "Klarvatten" }, "geometry": { "type": "Polygon", "coordinates": [ [ [ -113.46736, 53.64329 ], [ -113.46927, 53.64329 ], [ -113.46948, 53.64478 ], [ -113.47111, 53.64551 ], [ -113.47608, 53.64572 ], [ -113.48393, 53.64549 ], [ -113.48777, 53.6433 ], [ -113.47781, 53.64329 ], [ -113.47806, 53.64164 ], [ -113.47717, 53.64117 ], [ -113.47912, 53.64019 ], [ -113.47966, 53.63921 ], [ -113.47967, 53.63442 ], [ -113.48012, 53.63312 ], [ -113.48153, 53.63079 ], [ -113.48154, 53.62875 ], [ -113.47969, 53.62874 ], [ -113.46741, 53.6287 ], [ -113.4674, 53.63515 ], [ -113.4669, 53.63718 ], [ -113.46601, 53.63822 ], [ -113.46556, 53.63942 ], [ -113.46574, 53.64062 ], [ -113.46736, 53.64329 ] ] ] } },
{ "type": "Feature", "properties": { "pc": 0.0, "ty": "Between mature and Henday", "ut": 0.0, "pt": 0, "pg": null, "p21": 5025.0, "rs": 749, "di": "West Edmonton", "yb": 1983, "p71": null, "id": 4240, "wd": "Nakota Isga", "nm": "La Perle" }, "geometry": { "type": "Polygon", "coordinates": [ [ [ -113.63039, 53.52857 ], [ -113.63069, 53.53021 ], [ -113.63047, 53.53115 ], [ -113.6278, 53.53545 ], [ -113.62749, 53.53779 ], [ -113.63986, 53.53732 ], [ -113.65212, 53.53645 ], [ -113.65211, 53.52992 ], [ -113.64306, 53.52987 ], [ -113.64121, 53.52976 ], [ -113.63651, 53.52873 ], [ -113.6335, 53.52838 ], [ -113.63039, 53.52857 ] ] ] } },
{ "type": "Feature", "properties": { "pc": 0.001, "ty": "Between mature and Henday", "ut": 2.0, "pt": 1, "pg": null, "p21": 3650.0, "rs": 997, "di": "Northwest", "yb": 1983, "p71": null, "id": 2450, "wd": "tastawiyiniwak", "nm": "Lago Lindo" }, "geometry": { "type": "Polygon", "coordinates": [ [ [ -113.48154, 53.62875 ], [ -113.48153, 53.63079 ], [ -113.48012, 53.63312 ], [ -113.47967, 53.63442 ], [ -113.47966, 53.63921 ], [ -113.47912, 53.64019 ], [ -113.47717, 53.64117 ], [ -113.47806, 53.64164 ], [ -113.47781, 53.64329 ], [ -113.48777, 53.6433 ], [ -113.49193, 53.6433 ], [ -113.49189, 53.63845 ], [ -113.49212, 53.63606 ], [ -113.49213, 53.63083 ], [ -113.49188, 53.62883 ], [ -113.48154, 53.62875 ] ] ] } },
{ "type": "Feature", "properties": { "pc": 0.03152, "ty": "Mature", "ut": 27.0, "pt": 11, "pg": -0.2456, "p21": 1275.0, "rs": 349, "di": "Scona", "yb": 1968, "p71": 1690.0, "id": 5260, "wd": "papastew", "nm": "Lansdowne" }, "geometry": { "type": "Polygon", "coordinates": [ [ [ -113.54115, 53.48831 ], [ -113.54114, 53.49036 ], [ -113.55576, 53.49036 ], [ -113.55577, 53.48919 ], [ -113.55415, 53.48761 ], [ -113.55163, 53.48714 ], [ -113.55063, 53.48646 ], [ -113.55014, 53.48547 ], [ -113.54831, 53.48413 ], [ -113.54751, 53.48397 ], [ -113.54769, 53.48289 ], [ -113.54377, 53.48309 ], [ -113.54119, 53.48305 ], [ -113.54115, 53.48831 ] ] ] } },
{ "type": "Feature", "properties": { "pc": 0.0, "ty": "Between mature and Henday", "ut": 0.0, "pt": 0, "pg": null, "p21": 5400.0, "rs": 1043, "di": "Mill Woods and Meadows", "yb": 1994, "p71": null, "id": 6390, "wd": "Sspomitapi", "nm": "Larkspur" }, "geometry": { "type": "Polygon", "coordinates": [ [ [ -113.39364, 53.47293 ], [ -113.39026, 53.47296 ], [ -113.38757, 53.47334 ], [ -113.38533, 53.47397 ], [ -113.38012, 53.47621 ], [ -113.37825, 53.47676 ], [ -113.37479, 53.47714 ], [ -113.36872, 53.47714 ], [ -113.36883, 53.48197 ], [ -113.37521, 53.48243 ], [ -113.39113, 53.48708 ], [ -113.39378, 53.48753 ], [ -113.39377, 53.48705 ], [ -113.39364, 53.47293 ] ] ] } },
{ "type": "Feature", "properties": { "pc": 0.01412, "ty": "Mature", "ut": 68.0, "pt": 10, "pg": -0.3097, "p21": 2630.0, "rs": 708, "di": "Northwest", "yb": 1959, "p71": 3810.0, "id": 3260, "wd": "Anirniq", "nm": "Lauderdale" }, "geometry": { "type": "Polygon", "coordinates": [ [ [ -113.49196, 53.58477 ], [ -113.49195, 53.59205 ], [ -113.49725, 53.59202 ], [ -113.51658, 53.59213 ], [ -113.51655, 53.58493 ], [ -113.50843, 53.58496 ], [ -113.49726, 53.58488 ], [ -113.49196, 53.58477 ] ] ] } },
{ "type": "Feature", "properties": { "pc": 0.0, "ty": "Between mature and Henday", "ut": 0.0, "pt": 0, "pg": null, "p21": 15050.0, "rs": 975, "di": "Mill Woods and Meadows", "yb": 2015, "p71": null, "id": 6444, "wd": "Sspomitapi", "nm": "Laurel" }, "geometry": { "type": "Polygon", "coordinates": [ [ [ -113.39389, 53.43939 ], [ -113.3922, 53.43939 ], [ -113.39163, 53.43825 ], [ -113.38968, 53.43766 ], [ -113.38455, 53.43757 ], [ -113.38236, 53.43772 ], [ -113.38231, 53.4394 ], [ -113.38128, 53.4394 ], [ -113.38128, 53.43785 ], [ -113.3761, 53.43867 ], [ -113.37374, 53.43924 ], [ -113.37058, 53.44116 ], [ -113.36914, 53.44147 ], [ -113.36901, 53.45399 ], [ -113.3779, 53.45402 ], [ -113.38476, 53.45399 ], [ -113.3938, 53.45384 ], [ -113.39386, 53.44371 ], [ -113.39389, 53.43939 ] ] ] } },
{ "type": "Feature", "properties": { "pc": 0.01434, "ty": "Mature", "ut": 38.0, "pt": 14, "pg": -0.3941, "p21": 2575.0, "rs": 976, "di": "Jasper Place", "yb": 1961, "p71": 4250.0, "id": 3270, "wd": "sipiwiyiniwak", "nm": "Laurier Heights" }, "geometry": { "type": "Polygon", "coordinates": [ [ [ -113.55617, 53.51766 ], [ -113.55606, 53.5166 ], [ -113.55882, 53.51715 ], [ -113.55948, 53.51793 ], [ -113.55947, 53.51937 ], [ -113.5763, 53.51936 ], [ -113.57791, 53.51943 ], [ -113.57797, 53.51474 ], [ -113.57731, 53.51332 ], [ -113.57598, 53.51226 ], [ -113.57093, 53.51222 ], [ -113.56891, 53.51176 ], [ -113.56741, 53.51084 ], [ -113.56629, 53.50918 ], [ -113.5654, 53.50913 ], [ -113.56312, 53.50993 ], [ -113.56236, 53.51046 ], [ -113.56319, 53.51139 ], [ -113.5621, 53.51201 ], [ -113.5604, 53.5115 ], [ -113.55786, 53.51286 ], [ -113.55778, 53.51364 ], [ -113.56098, 53.51365 ], [ -113.56097, 53.51434 ], [ -113.55812, 53.51459 ], [ -113.55686, 53.51374 ], [ -113.55512, 53.51359 ], [ -113.55188, 53.51274 ], [ -113.55151, 53.51335 ], [ -113.55165, 53.51471 ], [ -113.55, 53.51522 ], [ -113.54999, 53.51649 ], [ -113.55154, 53.51693 ], [ -113.55267, 53.51646 ], [ -113.55267, 53.51805 ], [ -113.55437, 53.51805 ], [ -113.55617, 53.51766 ] ] ] } },
{ "type": "Feature", "properties": { "pc": 0.00189, "ty": "Between mature and Henday", "ut": 8.0, "pt": 1, "pg": null, "p21": 2840.0, "rs": 529, "di": "Mill Woods and Meadows", "yb": 1974, "p71": null, "id": 6400, "wd": "Karhiio", "nm": "Lee Ridge" }, "geometry": { "type": "Polygon", "coordinates": [ [ [ -113.43915, 53.47434 ], [ -113.44644, 53.47419 ], [ -113.44956, 53.47376 ], [ -113.45172, 53.47298 ], [ -113.45363, 53.47191 ], [ -113.45196, 53.47086 ], [ -113.45099, 53.4699 ], [ -113.45048, 53.46829 ], [ -113.45055, 53.46485 ], [ -113.44462, 53.46497 ], [ -113.43599, 53.46545 ], [ -113.43837, 53.47065 ], [ -113.43899, 53.47266 ], [ -113.43915, 53.47434 ] ] ] } },
{ "type": "Feature", "properties": { "pc": 0.0, "ty": "Between mature and Henday", "ut": 0.0, "pt": 0, "pg": null, "p21": 2585.0, "rs": 441, "di": "Whitemud", "yb": 2001, "p71": null, "id": 5630, "wd": "pihêsiwin", "nm": "Leger" }, "geometry": { "type": "Polygon", "coordinates": [ [ [ -113.56551, 53.45404 ], [ -113.56557, 53.4568 ], [ -113.56599, 53.45861 ], [ -113.56784, 53.46132 ], [ -113.58648, 53.46134 ], [ -113.58735, 53.46129 ], [ -113.58822, 53.45997 ], [ -113.58918, 53.45755 ], [ -113.58013, 53.45494 ], [ -113.57611, 53.45426 ], [ -113.57354, 53.45407 ], [ -113.56551, 53.45404 ] ] ] } },
{ "type": "Feature", "properties": { "pc": 0.01305, "ty": "Mature", "ut": 26.0, "pt": 8, "pg": -0.4084, "p21": 1695.0, "rs": 613, "di": "Scona", "yb": 1962, "p71": 2865.0, "id": 5270, "wd": "papastew", "nm": "Lendrum Place" }, "geometry": { "type": "Polygon", "coordinates": [ [ [ -113.52269, 53.49772 ], [ -113.52569, 53.49774 ], [ -113.52885, 53.49742 ], [ -113.52882, 53.48826 ], [ -113.51672, 53.4882 ], [ -113.51675, 53.49662 ], [ -113.51655, 53.4982 ], [ -113.51986, 53.49819 ], [ -113.52269, 53.49772 ] ] ] } },
{ "type": "Feature", "properties": { "pc": 0.0, "ty": "Between mature and Henday", "ut": 0.0, "pt": 0, "pg": null, "p21": 3985.0, "rs": 854, "di": "Northwest", "yb": 1976, "p71": null, "id": 3280, "wd": "tastawiyiniwak", "nm": "Lorelei" }, "geometry": { "type": "Polygon", "coordinates": [ [ [ -113.51874, 53.62281 ], [ -113.51382, 53.62205 ], [ -113.50842, 53.62153 ], [ -113.50667, 53.62118 ], [ -113.50486, 53.62034 ], [ -113.50422, 53.62131 ], [ -113.50312, 53.62206 ], [ -113.50196, 53.62132 ], [ -113.49184, 53.62127 ], [ -113.49199, 53.62152 ], [ -113.49201, 53.62864 ], [ -113.49188, 53.62883 ], [ -113.5051, 53.62884 ], [ -113.5071, 53.62867 ], [ -113.51042, 53.62779 ], [ -113.51439, 53.6259 ], [ -113.51772, 53.624 ], [ -113.51874, 53.62281 ] ] ] } },
{ "type": "Feature", "properties": { "pc": 0.0, "ty": "Between mature and Henday", "ut": 0.0, "pt": 0, "pg": null, "p21": 5795.0, "rs": 1118, "di": "West Edmonton", "yb": 1987, "p71": null, "id": 4270, "wd": "sipiwiyiniwak", "nm": "Lymburn" }, "geometry": { "type": "Polygon", "coordinates": [ [ [ -113.65207, 53.5122 ], [ -113.65209, 53.51031 ], [ -113.65265, 53.50986 ], [ -113.65406, 53.50723 ], [ -113.65488, 53.50652 ], [ -113.65515, 53.50465 ], [ -113.65451, 53.50307 ], [ -113.6441, 53.50316 ], [ -113.64134, 53.50296 ], [ -113.63384, 53.50287 ], [ -113.63116, 53.50302 ], [ -113.63099, 53.50626 ], [ -113.63026, 53.50942 ], [ -113.62991, 53.51217 ], [ -113.65207, 53.5122 ] ] ] } },
{ "type": "Feature", "properties": { "pc": 0.00771, "ty": "Mature", "ut": 27.0, "pt": 6, "pg": 0.0455, "p21": 3220.0, "rs": 778, "di": "Jasper Place", "yb": 1959, "p71": 3080.0, "id": 4280, "wd": "sipiwiyiniwak", "nm": "Lynnwood" }, "geometry": { "type": "Polygon", "coordinates": [ [ [ -113.59035, 53.51193 ], [ -113.59035, 53.51236 ], [ -113.58657, 53.51236 ], [ -113.5834, 53.5132 ], [ -113.58357, 53.51398 ], [ -113.58848, 53.5152 ], [ -113.58835, 53.51559 ], [ -113.58381, 53.51455 ], [ -113.58241, 53.51442 ], [ -113.58112, 53.51358 ], [ -113.5796, 53.51387 ], [ -113.57797, 53.51474 ], [ -113.57791, 53.51943 ], [ -113.59035, 53.51946 ], [ -113.59665, 53.51949 ], [ -113.59672, 53.51192 ], [ -113.59035, 53.51193 ] ] ] } },
{ "type": "Feature", "properties": { "pc": 0.0, "ty": "Between mature and Henday", "ut": 0.0, "pt": 0, "pg": null, "p21": 3325.0, "rs": 96, "di": "Whitemud", "yb": 2011, "p71": null, "id": 5477, "wd": "pihêsiwin", "nm": "Mactaggart" }, "geometry": { "type": "Polygon", "coordinates": [ [ [ -113.57697, 53.4338 ], [ -113.57683, 53.43277 ], [ -113.57116, 53.43152 ], [ -113.57031, 53.43113 ], [ -113.56563, 53.43162 ], [ -113.56906, 53.43379 ], [ -113.56565, 53.43352 ], [ -113.56535, 53.43479 ], [ -113.56401, 53.43467 ], [ -113.56111, 53.43607 ], [ -113.56023, 53.43592 ], [ -113.55888, 53.43703 ], [ -113.55448, 53.43685 ], [ -113.5551, 53.43796 ], [ -113.55486, 53.43879 ], [ -113.55326, 53.43945 ], [ -113.55326, 53.44126 ], [ -113.55326, 53.44306 ], [ -113.55642, 53.44306 ], [ -113.558, 53.44432 ], [ -113.56039, 53.44467 ], [ -113.56552, 53.44467 ], [ -113.56555, 53.43998 ], [ -113.56587, 53.43902 ], [ -113.56719, 53.43774 ], [ -113.56914, 53.43688 ], [ -113.57306, 53.43576 ], [ -113.57494, 53.43497 ], [ -113.57697, 53.4338 ] ] ] } },
{ "type": "Feature", "properties": { "pc": 0.0, "ty": "Between mature and Henday", "ut": 0.0, "pt": 0, "pg": null, "p21": 3945.0, "rs": 46, "di": "Whitemud", "yb": 2008, "p71": null, "id": 5476, "wd": "pihêsiwin", "nm": "Magrath Heights" }, "geometry": { "type": "Polygon", "coordinates": [ [ [ -113.55326, 53.44126 ], [ -113.5472, 53.44126 ], [ -113.5472, 53.44264 ], [ -113.54837, 53.44339 ], [ -113.55054, 53.4439 ], [ -113.55042, 53.44535 ], [ -113.54932, 53.44647 ], [ -113.54802, 53.44718 ], [ -113.54757, 53.44876 ], [ -113.55073, 53.44901 ], [ -113.55197, 53.45006 ], [ -113.55149, 53.45094 ], [ -113.55018, 53.45193 ], [ -113.55074, 53.45262 ], [ -113.55244, 53.45315 ], [ -113.5518, 53.45412 ], [ -113.55402, 53.45404 ], [ -113.56551, 53.45404 ], [ -113.56552, 53.44467 ], [ -113.56039, 53.44467 ], [ -113.558, 53.44432 ], [ -113.55642, 53.44306 ], [ -113.55326, 53.44306 ], [ -113.55326, 53.44126 ] ] ] } },
{ "type": "Feature", "properties": { "pc": 0.01863, "ty": "Mature", "ut": 61.0, "pt": 12, "pg": -0.3973, "p21": 2200.0, "rs": 644, "di": "Scona", "yb": 1965, "p71": 3650.0, "id": 5280, "wd": "papastew", "nm": "Malmo Plains" }, "geometry": { "type": "Polygon", "coordinates": [ [ [ -113.51681, 53.48306 ], [ -113.51672, 53.4882 ], [ -113.52882, 53.48826 ], [ -113.54115, 53.48831 ], [ -113.54119, 53.48305 ], [ -113.51681, 53.48306 ] ] ] } },
{ "type": "Feature", "properties": { "pc": 0.0, "ty": "Between mature and Henday", "ut": 0.0, "pt": 0, "pg": null, "p21": 3885.0, "rs": 135, "di": "Mill Woods and Meadows", "yb": 2013, "p71": null, "id": 6441, "wd": "Sspomitapi", "nm": "Maple" }, "geometry": { "type": "Polygon", "coordinates": [ [ [ -113.35096, 53.46417 ], [ -113.34932, 53.46183 ], [ -113.3447, 53.46184 ], [ -113.34475, 53.4691 ], [ -113.34462, 53.47183 ], [ -113.34404, 53.47707 ], [ -113.34407, 53.47937 ], [ -113.3445, 53.48028 ], [ -113.34589, 53.48129 ], [ -113.34894, 53.48218 ], [ -113.35198, 53.48232 ], [ -113.35651, 53.48233 ], [ -113.35651, 53.48308 ], [ -113.36281, 53.48264 ], [ -113.36416, 53.48299 ], [ -113.35931, 53.47585 ], [ -113.35429, 53.46869 ], [ -113.35096, 53.46417 ] ] ] } },
{ "type": "Feature", "properties": { "pc": 0.0, "ty": "Between mature and Henday", "ut": 0.0, "pt": 0, "pg": null, "p21": 3795.0, "rs": 1127, "di": "Northeast", "yb": 1995, "p71": null, "id": 2500, "wd": "Dene", "nm": "Matt Berry" }, "geometry": { "type": "Polygon", "coordinates": [ [ [ -113.43284, 53.61586 ], [ -113.43264, 53.61738 ], [ -113.43096, 53.61888 ], [ -113.4307, 53.6195 ], [ -113.43071, 53.6233 ], [ -113.42912, 53.62525 ], [ -113.42947, 53.62632 ], [ -113.4306, 53.62748 ], [ -113.43074, 53.62864 ], [ -113.4429, 53.6287 ], [ -113.44283, 53.61587 ], [ -113.43284, 53.61586 ] ] ] } },
{ "type": "Feature", "properties": { "pc": 0.0229, "ty": "Mature", "ut": 61.0, "pt": 18, "pg": -0.4661, "p21": 1930.0, "rs": 786, "di": "Jasper Place", "yb": 1958, "p71": 3615.0, "id": 4290, "wd": "Nakota Isga", "nm": "Mayfield" }, "geometry": { "type": "Polygon", "coordinates": [ [ [ -113.5904, 53.55893 ], [ -113.59882, 53.55893 ], [ -113.60156, 53.55881 ], [ -113.60379, 53.55774 ], [ -113.60891, 53.55127 ], [ -113.59363, 53.55128 ], [ -113.59036, 53.55111 ], [ -113.59044, 53.5514 ], [ -113.5904, 53.55893 ] ] ] } },
{ "type": "Feature", "properties": { "pc": 0.0, "ty": "Between mature and Henday", "ut": 0.0, "pt": 0, "pg": null, "p21": 4120.0, "rs": 1120, "di": "Northeast", "yb": 2000, "p71": null, "id": 2511, "wd": "tastawiyiniwak", "nm": "Mayliewan" }, "geometry": { "type": "Polygon", "coordinates": [ [ [ -113.45494, 53.61586 ], [ -113.45512, 53.61711 ], [ -113.45512, 53.62195 ], [ -113.45323, 53.62374 ], [ -113.45316, 53.6245 ], [ -113.45494, 53.62614 ], [ -113.45511, 53.62869 ], [ -113.46741, 53.6287 ], [ -113.46742, 53.61591 ], [ -113.45494, 53.61586 ] ] ] } },
{ "type": "Feature", "properties": { "pc": 0.0, "ty": "Mature", "ut": 0.0, "pt": 0, "pg": -0.5176, "p21": 3355.0, "rs": 35, "di": "Central", "yb": 1925, "p71": 6955.0, "id": 1140, "wd": "O-day'min", "nm": "McCauley" }, "geometry": { "type": "Polygon", "coordinates": [ [ [ -113.47084, 53.55953 ], [ -113.46901, 53.56114 ], [ -113.47814, 53.56103 ], [ -113.47964, 53.56109 ], [ -113.48264, 53.56056 ], [ -113.48639, 53.56024 ], [ -113.48951, 53.55919 ], [ -113.49185, 53.55902 ], [ -113.49371, 53.55889 ], [ -113.49372, 53.54813 ], [ -113.49048, 53.54839 ], [ -113.48812, 53.54876 ], [ -113.48785, 53.54807 ], [ -113.48445, 53.5487 ], [ -113.48142, 53.55027 ], [ -113.47084, 53.55953 ] ] ] } },
{ "type": "Feature", "properties": { "pc": 0.0, "ty": "Between mature and Henday", "ut": 0.0, "pt": 0, "pg": null, "p21": null, "rs": 331, "di": "Northeast", "yb": 2014, "p71": null, "id": 2522, "wd": "Dene", "nm": "McConachie" }, "geometry": { "type": "Polygon", "coordinates": [ [ [ -113.41818, 53.63601 ], [ -113.41972, 53.63601 ], [ -113.41988, 53.63739 ], [ -113.4212, 53.63905 ], [ -113.42198, 53.6393 ], [ -113.42386, 53.64108 ], [ -113.42586, 53.64187 ], [ -113.43507, 53.64421 ], [ -113.43758, 53.64408 ], [ -113.43907, 53.64327 ], [ -113.44105, 53.64327 ], [ -113.44222, 53.64144 ], [ -113.44268, 53.63954 ], [ -113.44287, 53.63603 ], [ -113.4429, 53.6287 ], [ -113.43074, 53.62864 ], [ -113.41196, 53.62864 ], [ -113.41247, 53.63072 ], [ -113.41413, 53.63251 ], [ -113.41609, 53.6337 ], [ -113.41818, 53.63601 ] ] ] } },
{ "type": "Feature", "properties": { "pc": 0.06016, "ty": "Mature", "ut": 210.0, "pt": 53, "pg": -0.0915, "p21": 2580.0, "rs": 881, "di": "Scona", "yb": 1961, "p71": 2840.0, "id": 5290, "wd": "papastew", "nm": "McKernan" }, "geometry": { "type": "Polygon", "coordinates": [ [ [ -113.51204, 53.51407 ], [ -113.52298, 53.51592 ], [ -113.52308, 53.51628 ], [ -113.52431, 53.51626 ], [ -113.53156, 53.51741 ], [ -113.53201, 53.51644 ], [ -113.53115, 53.51545 ], [ -113.53204, 53.51462 ], [ -113.53166, 53.51319 ], [ -113.52884, 53.51321 ], [ -113.52884, 53.51224 ], [ -113.52599, 53.51224 ], [ -113.52588, 53.50943 ], [ -113.52459, 53.50811 ], [ -113.52296, 53.50847 ], [ -113.51203, 53.50847 ], [ -113.51204, 53.51407 ] ] ] } },
{ "type": "Feature", "properties": { "pc": 0.00114, "ty": "Between mature and Henday", "ut": 4.0, "pt": 1, "pg": -0.1082, "p21": 2390.0, "rs": 875, "di": "Northeast", "yb": 1969, "p71": 2680.0, "id": 2530, "wd": "Dene", "nm": "McLeod" }, "geometry": { "type": "Polygon", "coordinates": [ [ [ -113.44281, 53.60484 ], [ -113.43529, 53.60484 ], [ -113.43435, 53.60502 ], [ -113.43139, 53.60658 ], [ -113.43047, 53.60685 ], [ -113.43052, 53.61585 ], [ -113.43284, 53.61586 ], [ -113.44283, 53.61587 ], [ -113.44281, 53.60484 ] ] ] } },
{ "type": "Feature", "properties": { "pc": 0.01157, "ty": "Mature", "ut": 21.0, "pt": 5, "pg": -0.4135, "p21": 1475.0, "rs": 432, "di": "Jasper Place", "yb": 1955, "p71": 2515.0, "id": 3300, "wd": "Nakota Isga", "nm": "McQueen" }, "geometry": { "type": "Polygon", "coordinates": [ [ [ -113.56582, 53.55098 ], [ -113.56573, 53.55153 ], [ -113.56568, 53.55882 ], [ -113.57797, 53.55889 ], [ -113.57797, 53.55106 ], [ -113.56922, 53.55106 ], [ -113.56582, 53.55098 ] ] ] } },
{ "type": "Feature", "properties": { "pc": 0.00352, "ty": "Mature", "ut": 13.0, "pt": 3, "pg": -0.3186, "p21": 2695.0, "rs": 853, "di": "Jasper Place", "yb": 1960, "p71": 3955.0, "id": 4310, "wd": "sipiwiyiniwak", "nm": "Meadowlark Park" }, "geometry": { "type": "Polygon", "coordinates": [ [ [ -113.59033, 53.52667 ], [ -113.59035, 53.53153 ], [ -113.6027, 53.5316 ], [ -113.60288, 53.51952 ], [ -113.59665, 53.51949 ], [ -113.59035, 53.51946 ], [ -113.59033, 53.52667 ] ] ] } },
{ "type": "Feature", "properties": { "pc": 0.0013, "ty": "Between mature and Henday", "ut": 6.0, "pt": 1, "pg": null, "p21": 2390.0, "rs": 770, "di": "Mill Woods and Meadows", "yb": 1977, "p71": null, "id": 6450, "wd": "Karhiio", "nm": "Menisa" }, "geometry": { "type": "Polygon", "coordinates": [ [ [ -113.43654, 53.44619 ], [ -113.4387, 53.4463 ], [ -113.44413, 53.44532 ], [ -113.44596, 53.44517 ], [ -113.4498, 53.44558 ], [ -113.45128, 53.44635 ], [ -113.4528, 53.4459 ], [ -113.45457, 53.44493 ], [ -113.45526, 53.44419 ], [ -113.4557, 53.44286 ], [ -113.45579, 53.43949 ], [ -113.45501, 53.43949 ], [ -113.44762, 53.43779 ], [ -113.44422, 53.43779 ], [ -113.44258, 53.43833 ], [ -113.44169, 53.43805 ], [ -113.43972, 53.43948 ], [ -113.43933, 53.44154 ], [ -113.43654, 53.44619 ] ] ] } },
{ "type": "Feature", "properties": { "pc": 0.00362, "ty": "Between mature and Henday", "ut": 8.0, "pt": 2, "pg": null, "p21": 2945.0, "rs": 553, "di": "Mill Woods and Meadows", "yb": 1978, "p71": null, "id": 6460, "wd": "Karhiio", "nm": "Meyokumin" }, "geometry": { "type": "Polygon", "coordinates": [ [ [ -113.43654, 53.44619 ], [ -113.42939, 53.44554 ], [ -113.42449, 53.44551 ], [ -113.41939, 53.44583 ], [ -113.4195, 53.44689 ], [ -113.41929, 53.45113 ], [ -113.42008, 53.45476 ], [ -113.4277, 53.45376 ], [ -113.43189, 53.4535 ], [ -113.4347, 53.45357 ], [ -113.43529, 53.44965 ], [ -113.43654, 53.44619 ] ] ] } },
{ "type": "Feature", "properties": { "pc": 0.0035, "ty": "Between mature and Henday", "ut": 12.0, "pt": 2, "pg": null, "p21": 3060.0, "rs": 572, "di": "Mill Woods and Meadows", "yb": 1977, "p71": null, "id": 6470, "wd": "Karhiio", "nm": "Meyonohk" }, "geometry": { "type": "Polygon", "coordinates": [ [ [ -113.46635, 53.45886 ], [ -113.4664, 53.45185 ], [ -113.46163, 53.45182 ], [ -113.45678, 53.45218 ], [ -113.44814, 53.45326 ], [ -113.44806, 53.45847 ], [ -113.45681, 53.45884 ], [ -113.46635, 53.45886 ] ] ] } },
{ "type": "Feature", "properties": { "pc": 0.0, "ty": "Between mature and Henday", "ut": 0.0, "pt": 0, "pg": null, "p21": 2055.0, "rs": 460, "di": "Mill Woods and Meadows", "yb": 1974, "p71": null, "id": 6480, "wd": "Karhiio", "nm": "Michaels Park" }, "geometry": { "type": "Polygon", "coordinates": [ [ [ -113.45327, 53.48482 ], [ -113.45256, 53.48235 ], [ -113.45208, 53.47861 ], [ -113.45157, 53.47689 ], [ -113.44956, 53.47376 ], [ -113.44644, 53.47419 ], [ -113.43915, 53.47434 ], [ -113.43932, 53.47596 ], [ -113.44021, 53.47715 ], [ -113.44186, 53.47855 ], [ -113.4427, 53.48028 ], [ -113.44266, 53.48497 ], [ -113.45113, 53.48494 ], [ -113.45327, 53.48482 ] ] ] } },
{ "type": "Feature", "properties": { "pc": 0.0, "ty": "Between mature and Henday", "ut": 0.0, "pt": 0, "pg": null, "p21": null, "rs": 1, "di": "Southeast", "yb": 1950, "p71": null, "id": 6491, "wd": "papastew", "nm": "Mill Creek Ravine North" }, "geometry": { "type": "Polygon", "coordinates": [ [ [ -113.47415, 53.53268 ], [ -113.47758, 53.53307 ], [ -113.48056, 53.53297 ], [ -113.48145, 53.5332 ], [ -113.48261, 53.53423 ], [ -113.48311, 53.53576 ], [ -113.48486, 53.53561 ], [ -113.48456, 53.53362 ], [ -113.48541, 53.53331 ], [ -113.48541, 53.5311 ], [ -113.48467, 53.5311 ], [ -113.48272, 53.52983 ], [ -113.48271, 53.52825 ], [ -113.48044, 53.52823 ], [ -113.48045, 53.52776 ], [ -113.48324, 53.52779 ], [ -113.48273, 53.52682 ], [ -113.48112, 53.52549 ], [ -113.47935, 53.52492 ], [ -113.47936, 53.52317 ], [ -113.47823, 53.52263 ], [ -113.47773, 53.51997 ], [ -113.47606, 53.51988 ], [ -113.47566, 53.51804 ], [ -113.47176, 53.51803 ], [ -113.47015, 53.51854 ], [ -113.47016, 53.51905 ], [ -113.47249, 53.52013 ], [ -113.47249, 53.52194 ], [ -113.4746, 53.52193 ], [ -113.47534, 53.52394 ], [ -113.47535, 53.5259 ], [ -113.47311, 53.5259 ], [ -113.47312, 53.52714 ], [ -113.47506, 53.52723 ], [ -113.47523, 53.53015 ], [ -113.47727, 53.53034 ], [ -113.47914, 53.53096 ], [ -113.47931, 53.53261 ], [ -113.47415, 53.53268 ] ] ] } },
{ "type": "Feature", "properties": { "pc": 0.0, "ty": "Between mature and Henday", "ut": 0.0, "pt": 0, "pg": null, "p21": 3365.0, "rs": 292, "di": "Northeast", "yb": 2002, "p71": null, "id": 2541, "wd": "Dene", "nm": "Miller" }, "geometry": { "type": "Polygon", "coordinates": [ [ [ -113.41822, 53.61582 ], [ -113.4182, 53.61368 ], [ -113.41784, 53.61149 ], [ -113.41717, 53.60961 ], [ -113.41722, 53.60803 ], [ -113.41763, 53.60691 ], [ -113.41839, 53.60508 ], [ -113.41851, 53.60379 ], [ -113.4169, 53.60233 ], [ -113.41159, 53.60686 ], [ -113.40474, 53.61268 ], [ -113.40366, 53.61415 ], [ -113.40627, 53.61514 ], [ -113.40879, 53.61568 ], [ -113.41082, 53.61582 ], [ -113.41822, 53.61582 ] ] ] } },
{ "type": "Feature", "properties": { "pc": 0.0, "ty": "Between mature and Henday", "ut": 0.0, "pt": 0, "pg": null, "p21": 3160.0, "rs": 847, "di": "Mill Woods and Meadows", "yb": 1981, "p71": null, "id": 6530, "wd": "Sspomitapi", "nm": "Minchau" }, "geometry": { "type": "Polygon", "coordinates": [ [ [ -113.3938, 53.46545 ], [ -113.39634, 53.4648 ], [ -113.39696, 53.46616 ], [ -113.3997, 53.46568 ], [ -113.40159, 53.46713 ], [ -113.40352, 53.46779 ], [ -113.4042, 53.46846 ], [ -113.40586, 53.46848 ], [ -113.40599, 53.46916 ], [ -113.40752, 53.47001 ], [ -113.40939, 53.46978 ], [ -113.41043, 53.47091 ], [ -113.41179, 53.47099 ], [ -113.41192, 53.4723 ], [ -113.41322, 53.47248 ], [ -113.4134, 53.47563 ], [ -113.41525, 53.4761 ], [ -113.41684, 53.47614 ], [ -113.41596, 53.4746 ], [ -113.41542, 53.47286 ], [ -113.41593, 53.47011 ], [ -113.41707, 53.46866 ], [ -113.41955, 53.46644 ], [ -113.42042, 53.46506 ], [ -113.40672, 53.46403 ], [ -113.39385, 53.46348 ], [ -113.3938, 53.46545 ] ] ] } },
{ "type": "Feature", "properties": { "pc": 0.01751, "ty": "Mature", "ut": 51.0, "pt": 16, "pg": -0.2902, "p21": 3265.0, "rs": 914, "di": "North Central", "yb": 1952, "p71": 4600.0, "id": 2550, "wd": "Métis", "nm": "Montrose" }, "geometry": { "type": "Polygon", "coordinates": [ [ [ -113.4307, 53.57036 ], [ -113.43066, 53.57773 ], [ -113.43083, 53.57905 ], [ -113.4319, 53.57987 ], [ -113.4338, 53.57854 ], [ -113.43576, 53.57809 ], [ -113.4421, 53.57808 ], [ -113.44298, 53.57832 ], [ -113.44802, 53.57833 ], [ -113.44933, 53.57847 ], [ -113.45249, 53.57623 ], [ -113.45464, 53.57435 ], [ -113.45317, 53.57434 ], [ -113.45366, 53.57239 ], [ -113.45368, 53.57037 ], [ -113.45291, 53.57036 ], [ -113.44487, 53.57037 ], [ -113.4307, 53.57036 ] ] ] } },
{ "type": "Feature", "properties": { "pc": 0.01016, "ty": "Mature", "ut": 35.0, "pt": 11, "pg": -0.1792, "p21": 2885.0, "rs": 1083, "di": "North Central", "yb": 1958, "p71": 3515.0, "id": 2560, "wd": "Métis", "nm": "Newton" }, "geometry": { "type": "Polygon", "coordinates": [ [ [ -113.41838, 53.5767 ], [ -113.41831, 53.5825 ], [ -113.42325, 53.58238 ], [ -113.42761, 53.58175 ], [ -113.42952, 53.58104 ], [ -113.4319, 53.57987 ], [ -113.43083, 53.57905 ], [ -113.43066, 53.57773 ], [ -113.4307, 53.57036 ], [ -113.41839, 53.57035 ], [ -113.41838, 53.5767 ] ] ] } },
{ "type": "Feature", "properties": { "pc": 0.02881, "ty": "Mature", "ut": 109.0, "pt": 21, "pg": -0.272, "p21": 2195.0, "rs": 729, "di": "Central", "yb": 1953, "p71": 3015.0, "id": 3310, "wd": "Nakota Isga", "nm": "North Glenora" }, "geometry": { "type": "Polygon", "coordinates": [ [ [ -113.5498, 53.55098 ], [ -113.55079, 53.55291 ], [ -113.55086, 53.55712 ], [ -113.5514, 53.55892 ], [ -113.55234, 53.55884 ], [ -113.56568, 53.55882 ], [ -113.56573, 53.55153 ], [ -113.56582, 53.55098 ], [ -113.5498, 53.55098 ] ] ] } },
{ "type": "Feature", "properties": { "pc": 0.00243, "ty": "Mature", "ut": 9.0, "pt": 2, "pg": 1.7386, "p21": 3300.0, "rs": 823, "di": "Northwest", "yb": 1971, "p71": 1205.0, "id": 2580, "wd": "tastawiyiniwak", "nm": "Northmount" }, "geometry": { "type": "Polygon", "coordinates": [ [ [ -113.46744, 53.60692 ], [ -113.47159, 53.60677 ], [ -113.47673, 53.60585 ], [ -113.48174, 53.60581 ], [ -113.4885, 53.60679 ], [ -113.49168, 53.60678 ], [ -113.49182, 53.60176 ], [ -113.49207, 53.5995 ], [ -113.48091, 53.59949 ], [ -113.4674, 53.59966 ], [ -113.46749, 53.60105 ], [ -113.46744, 53.60692 ] ] ] } },
{ "type": "Feature", "properties": { "pc": 0.0, "ty": "Between mature and Henday", "ut": 0.0, "pt": 0, "pg": null, "p21": 930.0, "rs": 302, "di": "Whitemud", "yb": 1988, "p71": null, "id": 5300, "wd": "pihêsiwin", "nm": "Ogilvie Ridge" }, "geometry": { "type": "Polygon", "coordinates": [ [ [ -113.57121, 53.46705 ], [ -113.57285, 53.4685 ], [ -113.575, 53.46686 ], [ -113.57255, 53.46583 ], [ -113.57077, 53.46469 ], [ -113.56828, 53.46187 ], [ -113.56573, 53.46186 ], [ -113.56573, 53.46131 ], [ -113.55483, 53.46131 ], [ -113.55413, 53.46194 ], [ -113.55453, 53.46362 ], [ -113.55752, 53.46392 ], [ -113.55977, 53.46539 ], [ -113.55876, 53.46649 ], [ -113.55953, 53.46691 ], [ -113.56258, 53.46562 ], [ -113.56213, 53.46444 ], [ -113.56641, 53.46675 ], [ -113.56868, 53.46663 ], [ -113.57121, 53.46705 ] ] ] } },
{ "type": "Feature", "properties": { "pc": 0.0, "ty": "Between mature and Henday", "ut": 0.0, "pt": 0, "pg": null, "p21": 2915.0, "rs": 912, "di": "West Edmonton", "yb": 1988, "p71": null, "id": 4360, "wd": "sipiwiyiniwak", "nm": "Oleskiw" }, "geometry": { "type": "Polygon", "coordinates": [ [ [ -113.61513, 53.49546 ], [ -113.61256, 53.49407 ], [ -113.61188, 53.4933 ], [ -113.60996, 53.4933 ], [ -113.60996, 53.48982 ], [ -113.60803, 53.48964 ], [ -113.60431, 53.4899 ], [ -113.60177, 53.49035 ], [ -113.60312, 53.49175 ], [ -113.60357, 53.49268 ], [ -113.60369, 53.49428 ], [ -113.60318, 53.49558 ], [ -113.60177, 53.49756 ], [ -113.59837, 53.49755 ], [ -113.597, 53.49691 ], [ -113.59916, 53.49414 ], [ -113.59718, 53.49397 ], [ -113.59613, 53.49438 ], [ -113.59477, 53.49671 ], [ -113.59749, 53.4978 ], [ -113.59587, 53.49805 ], [ -113.59814, 53.49983 ], [ -113.59865, 53.50087 ], [ -113.60051, 53.50168 ], [ -113.60172, 53.50136 ], [ -113.60345, 53.50167 ], [ -113.60372, 53.50234 ], [ -113.60658, 53.50283 ], [ -113.60905, 53.50277 ], [ -113.60921, 53.50311 ], [ -113.6061, 53.50399 ], [ -113.60576, 53.50451 ], [ -113.60822, 53.50511 ], [ -113.61014, 53.50464 ], [ -113.61545, 53.50467 ], [ -113.61547, 53.4976 ], [ -113.61513, 53.49546 ] ] ] } },
{ "type": "Feature", "properties": { "pc": 0.0, "ty": "Between mature and Henday", "ut": 0.0, "pt": 0, "pg": null, "p21": 5035.0, "rs": 1038, "di": "West Edmonton", "yb": 1988, "p71": null, "id": 4380, "wd": "sipiwiyiniwak", "nm": "Ormsby Place" }, "geometry": { "type": "Polygon", "coordinates": [ [ [ -113.65451, 53.50307 ], [ -113.65539, 53.5021 ], [ -113.65531, 53.49846 ], [ -113.65385, 53.49583 ], [ -113.6521, 53.49591 ], [ -113.6521, 53.49504 ], [ -113.64839, 53.49544 ], [ -113.64017, 53.49553 ], [ -113.63476, 53.49572 ], [ -113.62939, 53.49636 ], [ -113.63077, 53.50098 ], [ -113.63116, 53.50302 ], [ -113.63384, 53.50287 ], [ -113.64134, 53.50296 ], [ -113.6441, 53.50316 ], [ -113.65451, 53.50307 ] ] ] } },
{ "type": "Feature", "properties": { "pc": 0.00547, "ty": "Mature", "ut": 36.0, "pt": 11, "pg": -0.4042, "p21": 5770.0, "rs": 2010, "di": "Southeast", "yb": 1961, "p71": 9685.0, "id": 6550, "wd": "Métis", "nm": "Ottewell" }, "geometry": { "type": "Polygon", "coordinates": [ [ [ -113.42107, 53.54118 ], [ -113.42662, 53.53973 ], [ -113.43012, 53.53815 ], [ -113.43322, 53.53755 ], [ -113.44294, 53.53753 ], [ -113.4429, 53.52523 ], [ -113.43044, 53.52518 ], [ -113.42935, 53.52503 ], [ -113.42058, 53.52237 ], [ -113.41859, 53.52139 ], [ -113.41866, 53.52675 ], [ -113.41855, 53.54118 ], [ -113.42107, 53.54118 ] ] ] } },
{ "type": "Feature", "properties": { "pc": 0.0, "ty": "Between mature and Henday", "ut": 0.0, "pt": 0, "pg": null, "p21": 2765.0, "rs": 300, "di": "Northeast", "yb": 1978, "p71": null, "id": 2590, "wd": "Dene", "nm": "Overlanders" }, "geometry": { "type": "Polygon", "coordinates": [ [ [ -113.38414, 53.58526 ], [ -113.38466, 53.58493 ], [ -113.38704, 53.58537 ], [ -113.38874, 53.58659 ], [ -113.39079, 53.58675 ], [ -113.39266, 53.58724 ], [ -113.39465, 53.5867 ], [ -113.39523, 53.58741 ], [ -113.39673, 53.58734 ], [ -113.39551, 53.58616 ], [ -113.39457, 53.58461 ], [ -113.39624, 53.58375 ], [ -113.39658, 53.58302 ], [ -113.39375, 53.58279 ], [ -113.39375, 53.57791 ], [ -113.38886, 53.5766 ], [ -113.38363, 53.57461 ], [ -113.38244, 53.57794 ], [ -113.38248, 53.58057 ], [ -113.38414, 53.58526 ] ] ] } },
{ "type": "Feature", "properties": { "pc": 0.0, "ty": "Between mature and Henday", "ut": 0.0, "pt": 0, "pg": null, "p21": 4440.0, "rs": 662, "di": "Northwest", "yb": 1996, "p71": null, "id": 3320, "wd": "Anirniq", "nm": "Oxford" }, "geometry": { "type": "Polygon", "coordinates": [ [ [ -113.55351, 53.62872 ], [ -113.55351, 53.6146 ], [ -113.55112, 53.61461 ], [ -113.54868, 53.61508 ], [ -113.5454, 53.61649 ], [ -113.54411, 53.61686 ], [ -113.54113, 53.61696 ], [ -113.54118, 53.62871 ], [ -113.55351, 53.62872 ] ] ] } },
{ "type": "Feature", "properties": { "pc": 0.0, "ty": "Between mature and Henday", "ut": 0.0, "pt": 0, "pg": null, "p21": 4345.0, "rs": 1124, "di": "Northeast", "yb": 1997, "p71": null, "id": 2600, "wd": "tastawiyiniwak", "nm": "Ozerna" }, "geometry": { "type": "Polygon", "coordinates": [ [ [ -113.4429, 53.6287 ], [ -113.45511, 53.62869 ], [ -113.45494, 53.62614 ], [ -113.45316, 53.6245 ], [ -113.45323, 53.62374 ], [ -113.45512, 53.62195 ], [ -113.45512, 53.61711 ], [ -113.45494, 53.61586 ], [ -113.44283, 53.61587 ], [ -113.4429, 53.6287 ] ] ] } },
{ "type": "Feature", "properties": { "pc": 0.04502, "ty": "Mature", "ut": 111.0, "pt": 33, "pg": -0.2949, "p21": 2355.0, "rs": 733, "di": "Scona", "yb": 1951, "p71": 3340.0, "id": 5310, "wd": "papastew", "nm": "Parkallen" }, "geometry": { "type": "Polygon", "coordinates": [ [ [ -113.52459, 53.50811 ], [ -113.52299, 53.50636 ], [ -113.52291, 53.49829 ], [ -113.52269, 53.49772 ], [ -113.51986, 53.49819 ], [ -113.51655, 53.4982 ], [ -113.5119, 53.49822 ], [ -113.51199, 53.49916 ], [ -113.51202, 53.50657 ], [ -113.51203, 53.50847 ], [ -113.52296, 53.50847 ], [ -113.52459, 53.50811 ] ] ] } },
{ "type": "Feature", "properties": { "pc": 0.01302, "ty": "Mature", "ut": 37.0, "pt": 10, "pg": -0.1622, "p21": 3720.0, "rs": 768, "di": "North Central", "yb": 1945, "p71": 4440.0, "id": 1160, "wd": "Métis", "nm": "Parkdale" }, "geometry": { "type": "Polygon", "coordinates": [ [ [ -113.45919, 53.57038 ], [ -113.47796, 53.57039 ], [ -113.47823, 53.57039 ], [ -113.47814, 53.56103 ], [ -113.46901, 53.56114 ], [ -113.46718, 53.56274 ], [ -113.46715, 53.56342 ], [ -113.45919, 53.57038 ] ] ] } },
{ "type": "Feature", "properties": { "pc": 0.01156, "ty": "Mature", "ut": 55.0, "pt": 16, "pg": -0.4115, "p21": 3375.0, "rs": 1384, "di": "Jasper Place", "yb": 1959, "p71": 5735.0, "id": 3330, "wd": "sipiwiyiniwak", "nm": "Parkview" }, "geometry": { "type": "Polygon", "coordinates": [ [ [ -113.55617, 53.51766 ], [ -113.55624, 53.51873 ], [ -113.55425, 53.51947 ], [ -113.55483, 53.52057 ], [ -113.55826, 53.52125 ], [ -113.55933, 53.52182 ], [ -113.55488, 53.52219 ], [ -113.55628, 53.52271 ], [ -113.55876, 53.52474 ], [ -113.55949, 53.52573 ], [ -113.56006, 53.52806 ], [ -113.56192, 53.52837 ], [ -113.56338, 53.52935 ], [ -113.5644, 53.52854 ], [ -113.56916, 53.52863 ], [ -113.57163, 53.52976 ], [ -113.57612, 53.53078 ], [ -113.57627, 53.53102 ], [ -113.578, 53.53152 ], [ -113.57794, 53.52669 ], [ -113.57791, 53.51943 ], [ -113.5763, 53.51936 ], [ -113.55947, 53.51937 ], [ -113.55948, 53.51793 ], [ -113.55882, 53.51715 ], [ -113.55606, 53.5166 ], [ -113.55617, 53.51766 ] ] ] } },
{ "type": "Feature", "properties": { "pc": 0.00656, "ty": "Mature", "ut": 3.0, "pt": 2, "pg": 0.6116, "p21": 1805.0, "rs": 305, "di": "Jasper Place", "yb": 1969, "p71": 1120.0, "id": 4390, "wd": "sipiwiyiniwak", "nm": "Patricia Heights" }, "geometry": { "type": "Polygon", "coordinates": [ [ [ -113.59672, 53.51192 ], [ -113.60339, 53.51207 ], [ -113.6119, 53.5121 ], [ -113.61153, 53.51153 ], [ -113.60998, 53.51029 ], [ -113.60554, 53.50968 ], [ -113.60423, 53.5105 ], [ -113.60305, 53.50948 ], [ -113.59845, 53.50851 ], [ -113.59867, 53.50799 ], [ -113.59646, 53.50748 ], [ -113.59493, 53.50481 ], [ -113.59306, 53.50388 ], [ -113.59094, 53.50332 ], [ -113.59038, 53.50348 ], [ -113.59035, 53.51154 ], [ -113.59035, 53.51193 ], [ -113.59672, 53.51192 ] ] ] } },
{ "type": "Feature", "properties": { "pc": 0.02731, "ty": "Mature", "ut": 102.0, "pt": 26, "pg": -0.2456, "p21": 4070.0, "rs": 952, "di": "Scona", "yb": 1963, "p71": 5395.0, "id": 5320, "wd": "papastew", "nm": "Pleasantview" }, "geometry": { "type": "Polygon", "coordinates": [ [ [ -113.51655, 53.4982 ], [ -113.51675, 53.49662 ], [ -113.51672, 53.4882 ], [ -113.51097, 53.48825 ], [ -113.49897, 53.48824 ], [ -113.49491, 53.48813 ], [ -113.49494, 53.49141 ], [ -113.49733, 53.49299 ], [ -113.49766, 53.49364 ], [ -113.49764, 53.49798 ], [ -113.50441, 53.49817 ], [ -113.5119, 53.49822 ], [ -113.51655, 53.4982 ] ] ] } },
{ "type": "Feature", "properties": { "pc": 0.00401, "ty": "Between mature and Henday", "ut": 10.0, "pt": 3, "pg": null, "p21": 4170.0, "rs": 748, "di": "Mill Woods and Meadows", "yb": 1979, "p71": null, "id": 6580, "wd": "Sspomitapi", "nm": "Pollard Meadows" }, "geometry": { "type": "Polygon", "coordinates": [ [ [ -113.40908, 53.45536 ], [ -113.41313, 53.45545 ], [ -113.41639, 53.45522 ], [ -113.42008, 53.45476 ], [ -113.41929, 53.45113 ], [ -113.4195, 53.44689 ], [ -113.41939, 53.44583 ], [ -113.41699, 53.44595 ], [ -113.41506, 53.44564 ], [ -113.40799, 53.44299 ], [ -113.40608, 53.44275 ], [ -113.40445, 53.44313 ], [ -113.40229, 53.44484 ], [ -113.40198, 53.44589 ], [ -113.40323, 53.44747 ], [ -113.40773, 53.44958 ], [ -113.40912, 53.45077 ], [ -113.40939, 53.45152 ], [ -113.40908, 53.45536 ] ] ] } },
{ "type": "Feature", "properties": { "pc": 0.08671, "ty": "Mature", "ut": 261.0, "pt": 45, "pg": -0.3149, "p21": 1425.0, "rs": 519, "di": "Central", "yb": 1953, "p71": 2080.0, "id": 3350, "wd": "Anirniq", "nm": "Prince Charles" }, "geometry": { "type": "Polygon", "coordinates": [ [ [ -113.53095, 53.57031 ], [ -113.53071, 53.57211 ], [ -113.53075, 53.57765 ], [ -113.53111, 53.57775 ], [ -113.53112, 53.58083 ], [ -113.5327, 53.58064 ], [ -113.54125, 53.5806 ], [ -113.54119, 53.57031 ], [ -113.53095, 53.57031 ] ] ] } },
{ "type": "Feature", "properties": { "pc": 0.01656, "ty": "Mature", "ut": 27.0, "pt": 5, "pg": -0.3536, "p21": 1380.0, "rs": 302, "di": "Central", "yb": 1952, "p71": 2135.0, "id": 1170, "wd": "O-day'min", "nm": "Prince Rupert" }, "geometry": { "type": "Polygon", "coordinates": [ [ [ -113.51231, 53.56248 ], [ -113.52856, 53.56937 ], [ -113.53095, 53.57031 ], [ -113.5309, 53.55889 ], [ -113.50843, 53.55889 ], [ -113.50391, 53.5589 ], [ -113.51231, 53.56248 ] ] ] } },
{ "type": "Feature", "properties": { "pc": 0.04738, "ty": "Mature", "ut": 108.0, "pt": 28, "pg": -0.1302, "p21": 4875.0, "rs": 591, "di": "Scona", "yb": 1956, "p71": 5605.0, "id": 5330, "wd": "papastew", "nm": "Queen Alexandra" }, "geometry": { "type": "Polygon", "coordinates": [ [ [ -113.50631, 53.51809 ], [ -113.51204, 53.5181 ], [ -113.51204, 53.51407 ], [ -113.51203, 53.50847 ], [ -113.51202, 53.50657 ], [ -113.50442, 53.50658 ], [ -113.50442, 53.50634 ], [ -113.49766, 53.50637 ], [ -113.49757, 53.51807 ], [ -113.50631, 53.51809 ] ] ] } },
{ "type": "Feature", "properties": { "pc": 0.039, "ty": "Mature", "ut": 104.0, "pt": 14, "pg": 0.1786, "p21": 7755.0, "rs": 359, "di": "Central", "yb": 1951, "p71": 6580.0, "id": 1180, "wd": "O-day'min", "nm": "Queen Mary Park" }, "geometry": { "type": "Polygon", "coordinates": [ [ [ -113.50843, 53.55889 ], [ -113.5309, 53.55889 ], [ -113.53091, 53.5499 ], [ -113.53026, 53.54894 ], [ -113.52868, 53.54807 ], [ -113.52663, 53.54778 ], [ -113.51395, 53.54778 ], [ -113.51395, 53.54826 ], [ -113.50842, 53.54826 ], [ -113.50843, 53.55889 ] ] ] } },
{ "type": "Feature", "properties": { "pc": 0.0, "ty": "Mature", "ut": 0.0, "pt": 0, "pg": 0.0, "p21": 325.0, "rs": 124, "di": "Jasper Place", "yb": 1970, "p71": 325.0, "id": 4420, "wd": "sipiwiyiniwak", "nm": "Quesnell Heights" }, "geometry": { "type": "Polygon", "coordinates": [ [ [ -113.57804, 53.5089 ], [ -113.57731, 53.50784 ], [ -113.57636, 53.50751 ], [ -113.5742, 53.50754 ], [ -113.57239, 53.50791 ], [ -113.5716, 53.50762 ], [ -113.5691, 53.50783 ], [ -113.5686, 53.50821 ], [ -113.56941, 53.51028 ], [ -113.57205, 53.51097 ], [ -113.57486, 53.51066 ], [ -113.5765, 53.51127 ], [ -113.57804, 53.51127 ], [ -113.57804, 53.5089 ] ] ] } },
{ "type": "Feature", "properties": { "pc": 0.0, "ty": "Between mature and Henday", "ut": 0.0, "pt": 0, "pg": null, "p21": 3250.0, "rs": 740, "di": "Whitemud", "yb": 1983, "p71": null, "id": 5340, "wd": "pihêsiwin", "nm": "Ramsay Heights" }, "geometry": { "type": "Polygon", "coordinates": [ [ [ -113.57204, 53.48908 ], [ -113.57535, 53.48905 ], [ -113.57868, 53.48873 ], [ -113.58077, 53.48917 ], [ -113.58259, 53.48918 ], [ -113.58249, 53.49034 ], [ -113.58552, 53.49034 ], [ -113.58577, 53.48892 ], [ -113.58512, 53.48781 ], [ -113.58586, 53.48759 ], [ -113.58626, 53.48536 ], [ -113.58727, 53.48317 ], [ -113.58665, 53.48299 ], [ -113.58975, 53.48129 ], [ -113.58887, 53.48054 ], [ -113.58887, 53.47999 ], [ -113.58675, 53.47924 ], [ -113.58366, 53.47712 ], [ -113.58208, 53.47812 ], [ -113.57502, 53.47639 ], [ -113.57235, 53.47997 ], [ -113.5707, 53.48264 ], [ -113.57205, 53.48804 ], [ -113.57204, 53.48908 ] ] ] } },
{ "type": "Feature", "properties": { "pc": 0.0, "ty": "Between mature and Henday", "ut": 0.0, "pt": 0, "pg": null, "p21": 3125.0, "rs": 1088, "di": "Whitemud", "yb": 1987, "p71": null, "id": 5350, "wd": "pihêsiwin", "nm": "Rhatigan Ridge" }, "geometry": { "type": "Polygon", "coordinates": [ [ [ -113.58887, 53.48054 ], [ -113.59357, 53.47879 ], [ -113.59874, 53.47869 ], [ -113.60137, 53.47826 ], [ -113.60288, 53.47773 ], [ -113.60455, 53.47781 ], [ -113.60544, 53.47737 ], [ -113.60272, 53.47578 ], [ -113.60097, 53.47578 ], [ -113.59404, 53.4721 ], [ -113.59222, 53.4712 ], [ -113.58921, 53.47031 ], [ -113.58152, 53.46848 ], [ -113.57502, 53.47639 ], [ -113.58208, 53.47812 ], [ -113.58366, 53.47712 ], [ -113.58675, 53.47924 ], [ -113.58887, 53.47999 ], [ -113.58887, 53.48054 ] ] ] } },
{ "type": "Feature", "properties": { "pc": 0.00209, "ty": "Between mature and Henday", "ut": 1.0, "pt": 1, "pg": null, "p21": 3405.0, "rs": 479, "di": "Mill Woods and Meadows", "yb": 1972, "p71": null, "id": 6600, "wd": "Karhiio", "nm": "Richfield" }, "geometry": { "type": "Polygon", "coordinates": [ [ [ -113.4665, 53.46532 ], [ -113.46006, 53.4653 ], [ -113.45055, 53.46485 ], [ -113.45048, 53.46829 ], [ -113.45099, 53.4699 ], [ -113.45196, 53.47086 ], [ -113.45363, 53.47191 ], [ -113.45561, 53.47312 ], [ -113.45892, 53.47408 ], [ -113.46642, 53.47412 ], [ -113.4665, 53.46532 ] ] ] } },
{ "type": "Feature", "properties": { "pc": 0.0, "ty": "Mature", "ut": 0.0, "pt": 0, "pg": null, "p21": 1580.0, "rs": 275, "di": "Whitemud", "yb": 1973, "p71": null, "id": 5360, "wd": "papastew", "nm": "Rideau Park" }, "geometry": { "type": "Polygon", "coordinates": [ [ [ -113.49556, 53.48047 ], [ -113.50022, 53.48061 ], [ -113.50427, 53.48117 ], [ -113.51122, 53.48237 ], [ -113.51681, 53.48306 ], [ -113.51624, 53.48105 ], [ -113.51634, 53.47578 ], [ -113.50865, 53.4758 ], [ -113.50616, 53.475 ], [ -113.50466, 53.47614 ], [ -113.50423, 53.47722 ], [ -113.49562, 53.47709 ], [ -113.49556, 53.48047 ] ] ] } },
{ "type": "Feature", "properties": { "pc": 0.0, "ty": "Mature", "ut": 0.0, "pt": 0, "pg": -0.3558, "p21": 1240.0, "rs": 512, "di": "Jasper Place", "yb": 1961, "p71": 1925.0, "id": 4430, "wd": "sipiwiyiniwak", "nm": "Rio Terrace" }, "geometry": { "type": "Polygon", "coordinates": [ [ [ -113.57804, 53.51127 ], [ -113.58069, 53.5119 ], [ -113.58541, 53.51191 ], [ -113.59035, 53.51154 ], [ -113.59038, 53.50348 ], [ -113.58468, 53.50528 ], [ -113.58095, 53.5059 ], [ -113.58117, 53.50681 ], [ -113.57804, 53.50753 ], [ -113.57804, 53.5089 ], [ -113.57804, 53.51127 ] ] ] } },
{ "type": "Feature", "properties": { "pc": 0.02469, "ty": "Mature", "ut": 89.0, "pt": 28, "pg": -0.2256, "p21": 4480.0, "rs": 1134, "di": "Scona", "yb": 1959, "p71": 5785.0, "id": 6610, "wd": "papastew", "nm": "Ritchie" }, "geometry": { "type": "Polygon", "coordinates": [ [ [ -113.46665, 53.50848 ], [ -113.46665, 53.51038 ], [ -113.46754, 53.51124 ], [ -113.47013, 53.51133 ], [ -113.47058, 53.51187 ], [ -113.47347, 53.51228 ], [ -113.47364, 53.51326 ], [ -113.47674, 53.51325 ], [ -113.47675, 53.51367 ], [ -113.4738, 53.51367 ], [ -113.47548, 53.51483 ], [ -113.47566, 53.51804 ], [ -113.49382, 53.51807 ], [ -113.49333, 53.51517 ], [ -113.48872, 53.51516 ], [ -113.48875, 53.50853 ], [ -113.48618, 53.50853 ], [ -113.47962, 53.50849 ], [ -113.46665, 53.50848 ] ] ] } },
{ "type": "Feature", "properties": { "pc": 0.0, "ty": "Between mature and Henday", "ut": 0.0, "pt": 0, "pg": null, "p21": null, "rs": 1, "di": "North Central", "yb": 1970, "p71": null, "id": 2640, "wd": "Métis", "nm": "River Valley Highlands" }, "geometry": { "type": "Polygon", "coordinates": [ [ [ -113.39891, 53.55787 ], [ -113.40105, 53.55997 ], [ -113.40317, 53.56144 ], [ -113.40844, 53.56343 ], [ -113.40924, 53.56432 ], [ -113.41101, 53.56507 ], [ -113.41839, 53.56559 ], [ -113.4294, 53.5644 ], [ -113.43396, 53.56273 ], [ -113.43581, 53.56253 ], [ -113.43677, 53.56293 ], [ -113.438, 53.56264 ], [ -113.43771, 53.56193 ], [ -113.43898, 53.56162 ], [ -113.44053, 53.56125 ], [ -113.44267, 53.56017 ], [ -113.44441, 53.55976 ], [ -113.44819, 53.55824 ], [ -113.44476, 53.55455 ], [ -113.44153, 53.55501 ], [ -113.43858, 53.5557 ], [ -113.43488, 53.55715 ], [ -113.42645, 53.56153 ], [ -113.42355, 53.56256 ], [ -113.42146, 53.56303 ], [ -113.41755, 53.56339 ], [ -113.41379, 53.56324 ], [ -113.41035, 53.56252 ], [ -113.40788, 53.56168 ], [ -113.40417, 53.55993 ], [ -113.40145, 53.55763 ], [ -113.39891, 53.55787 ] ] ] } },
{ "type": "Feature", "properties": { "pc": 0.01511, "ty": "Mature", "ut": 28.0, "pt": 6, "pg": 0.3654, "p21": 2130.0, "rs": 397, "di": "Central", "yb": 1979, "p71": 1560.0, "id": 1210, "wd": "O-day'min", "nm": "Riverdale" }, "geometry": { "type": "Polygon", "coordinates": [ [ [ -113.48996, 53.53907 ], [ -113.4899, 53.53875 ], [ -113.48696, 53.538 ], [ -113.48443, 53.53952 ], [ -113.48166, 53.54003 ], [ -113.47837, 53.5402 ], [ -113.47484, 53.54021 ], [ -113.47146, 53.53996 ], [ -113.46703, 53.53945 ], [ -113.46392, 53.54005 ], [ -113.46238, 53.5414 ], [ -113.46203, 53.54287 ], [ -113.46223, 53.54372 ], [ -113.46349, 53.54552 ], [ -113.46698, 53.54879 ], [ -113.46794, 53.55021 ], [ -113.47143, 53.54968 ], [ -113.4723, 53.54878 ], [ -113.47475, 53.54774 ], [ -113.47398, 53.54651 ], [ -113.47561, 53.54404 ], [ -113.47798, 53.5438 ], [ -113.47772, 53.54324 ], [ -113.48382, 53.54271 ], [ -113.48504, 53.54231 ], [ -113.48445, 53.54167 ], [ -113.48635, 53.54033 ], [ -113.48769, 53.54034 ], [ -113.48923, 53.53979 ], [ -113.48996, 53.53907 ] ] ] } },
{ "type": "Feature", "properties": { "pc": 0.0, "ty": "Mature", "ut": 0.0, "pt": 0, "pg": -0.1519, "p21": 1005.0, "rs": 157, "di": "Central", "yb": 1990, "p71": 1185.0, "id": 1220, "wd": "O-day'min", "nm": "Rossdale" }, "geometry": { "type": "Polygon", "coordinates": [ [ [ -113.48996, 53.53907 ], [ -113.49303, 53.5395 ], [ -113.4937, 53.53862 ], [ -113.49348, 53.53745 ], [ -113.49557, 53.53723 ], [ -113.49556, 53.53604 ], [ -113.49884, 53.53399 ], [ -113.50292, 53.53401 ], [ -113.50292, 53.53237 ], [ -113.50127, 53.53237 ], [ -113.50127, 53.52992 ], [ -113.50233, 53.52861 ], [ -113.49947, 53.52752 ], [ -113.49721, 53.5269 ], [ -113.49497, 53.52666 ], [ -113.49182, 53.52749 ], [ -113.49032, 53.52886 ], [ -113.48901, 53.53082 ], [ -113.48829, 53.53536 ], [ -113.48696, 53.538 ], [ -113.4899, 53.53875 ], [ -113.48996, 53.53907 ] ] ] } },
{ "type": "Feature", "properties": { "pc": 0.00325, "ty": "Mature", "ut": 22.0, "pt": 3, "pg": -0.3568, "p21": 2930.0, "rs": 922, "di": "Northwest", "yb": 1961, "p71": 4555.0, "id": 3390, "wd": "Anirniq", "nm": "Rosslyn" }, "geometry": { "type": "Polygon", "coordinates": [ [ [ -113.49195, 53.59205 ], [ -113.49192, 53.59677 ], [ -113.49207, 53.5995 ], [ -113.50076, 53.59943 ], [ -113.51671, 53.59945 ], [ -113.51658, 53.59213 ], [ -113.49725, 53.59202 ], [ -113.49195, 53.59205 ] ] ] } },
{ "type": "Feature", "properties": { "pc": 0.00305, "ty": "Mature", "ut": 8.0, "pt": 2, "pg": -0.1074, "p21": 3490.0, "rs": 655, "di": "Whitemud", "yb": 1966, "p71": 3910.0, "id": 5430, "wd": "papastew", "nm": "Royal Gardens" }, "geometry": { "type": "Polygon", "coordinates": [ [ [ -113.53864, 53.47634 ], [ -113.53212, 53.47633 ], [ -113.5286, 53.47619 ], [ -113.52403, 53.47579 ], [ -113.51634, 53.47578 ], [ -113.51624, 53.48105 ], [ -113.51681, 53.48306 ], [ -113.54119, 53.48305 ], [ -113.54118, 53.48226 ], [ -113.54069, 53.48013 ], [ -113.53908, 53.47879 ], [ -113.53864, 53.47634 ] ] ] } },
{ "type": "Feature", "properties": { "pc": 0.0018, "ty": "Mature", "ut": 1.0, "pt": 1, "pg": 0.5511, "p21": 3490.0, "rs": 556, "di": "North Central", "yb": 1969, "p71": 2250.0, "id": 2660, "wd": "Métis", "nm": "Rundle Heights" }, "geometry": { "type": "Polygon", "coordinates": [ [ [ -113.39638, 53.55787 ], [ -113.39795, 53.55723 ], [ -113.39649, 53.55631 ], [ -113.39373, 53.55608 ], [ -113.39059, 53.55606 ], [ -113.38913, 53.55742 ], [ -113.38836, 53.55934 ], [ -113.38659, 53.56069 ], [ -113.38593, 53.56279 ], [ -113.38663, 53.56422 ], [ -113.38849, 53.56616 ], [ -113.38706, 53.56624 ], [ -113.38757, 53.56769 ], [ -113.38715, 53.57071 ], [ -113.38955, 53.57039 ], [ -113.39371, 53.57038 ], [ -113.39372, 53.56412 ], [ -113.39636, 53.56412 ], [ -113.39638, 53.55787 ] ] ] } },
{ "type": "Feature", "properties": { "pc": 0.00591, "ty": "Between mature and Henday", "ut": 25.0, "pt": 6, "pg": null, "p21": 4000.0, "rs": 1016, "di": "Mill Woods and Meadows", "yb": 1979, "p71": null, "id": 6670, "wd": "Karhiio", "nm": "Sakaw" }, "geometry": { "type": "Polygon", "coordinates": [ [ [ -113.43654, 53.44619 ], [ -113.43933, 53.44154 ], [ -113.43972, 53.43948 ], [ -113.43823, 53.43948 ], [ -113.43569, 53.43811 ], [ -113.43393, 53.43778 ], [ -113.42345, 53.43777 ], [ -113.42139, 53.4382 ], [ -113.41922, 53.43946 ], [ -113.4182, 53.43946 ], [ -113.4185, 53.43978 ], [ -113.41864, 53.44244 ], [ -113.41939, 53.44583 ], [ -113.42449, 53.44551 ], [ -113.42939, 53.44554 ], [ -113.43654, 53.44619 ] ] ] } },
{ "type": "Feature", "properties": { "pc": 0.00365, "ty": "Between mature and Henday", "ut": 9.0, "pt": 3, "pg": null, "p21": 3245.0, "rs": 821, "di": "Mill Woods and Meadows", "yb": 1975, "p71": null, "id": 6680, "wd": "Karhiio", "nm": "Satoo" }, "geometry": { "type": "Polygon", "coordinates": [ [ [ -113.45128, 53.44635 ], [ -113.45161, 53.44711 ], [ -113.45111, 53.44802 ], [ -113.44968, 53.44904 ], [ -113.44866, 53.45021 ], [ -113.44826, 53.45138 ], [ -113.44814, 53.45326 ], [ -113.45678, 53.45218 ], [ -113.46163, 53.45182 ], [ -113.4664, 53.45185 ], [ -113.46655, 53.43949 ], [ -113.45579, 53.43949 ], [ -113.4557, 53.44286 ], [ -113.45526, 53.44419 ], [ -113.45457, 53.44493 ], [ -113.4528, 53.4459 ], [ -113.45128, 53.44635 ] ] ] } },
{ "type": "Feature", "properties": { "pc": 0.0, "ty": "Between mature and Henday", "ut": 0.0, "pt": 0, "pg": null, "p21": 4615.0, "rs": 553, "di": "Northeast", "yb": 2010, "p71": null, "id": 2700, "wd": "tastawiyiniwak", "nm": "Schonsee" }, "geometry": { "type": "Polygon", "coordinates": [ [ [ -113.4429, 53.6287 ], [ -113.44287, 53.63603 ], [ -113.44572, 53.636 ], [ -113.44739, 53.63563 ], [ -113.449, 53.63604 ], [ -113.45511, 53.63604 ], [ -113.45511, 53.63514 ], [ -113.4674, 53.63515 ], [ -113.46741, 53.6287 ], [ -113.45511, 53.62869 ], [ -113.4429, 53.6287 ] ] ] } },
{ "type": "Feature", "properties": { "pc": 0.01828, "ty": "Mature", "ut": 66.0, "pt": 13, "pg": -0.4233, "p21": 2405.0, "rs": 711, "di": "Central", "yb": 1953, "p71": 4170.0, "id": 3410, "wd": "Anirniq", "nm": "Sherbrooke" }, "geometry": { "type": "Polygon", "coordinates": [ [ [ -113.55691, 53.58105 ], [ -113.5534, 53.57576 ], [ -113.54992, 53.57179 ], [ -113.54938, 53.57028 ], [ -113.54119, 53.57031 ], [ -113.54125, 53.5806 ], [ -113.54777, 53.58101 ], [ -113.55691, 53.58105 ] ] ] } },
{ "type": "Feature", "properties": { "pc": 0.10847, "ty": "Mature", "ut": 234.0, "pt": 41, "pg": -0.1905, "p21": 1190.0, "rs": 378, "di": "Jasper Place", "yb": 1959, "p71": 1470.0, "id": 4500, "wd": "sipiwiyiniwak", "nm": "Sherwood" }, "geometry": { "type": "Polygon", "coordinates": [ [ [ -113.59033, 53.52667 ], [ -113.57794, 53.52669 ], [ -113.578, 53.53152 ], [ -113.59035, 53.53153 ], [ -113.59033, 53.52667 ] ] ] } },
{ "type": "Feature", "properties": { "pc": 0.0, "ty": "Between mature and Henday", "ut": 0.0, "pt": 0, "pg": null, "p21": 2095.0, "rs": 286, "di": "Northeast", "yb": 1975, "p71": null, "id": 2710, "wd": "Dene", "nm": "Sifton Park" }, "geometry": { "type": "Polygon", "coordinates": [ [ [ -113.40282, 53.59091 ], [ -113.40236, 53.59618 ], [ -113.40283, 53.59814 ], [ -113.40815, 53.5973 ], [ -113.41152, 53.59703 ], [ -113.41339, 53.59707 ], [ -113.41374, 53.59555 ], [ -113.41506, 53.59346 ], [ -113.41677, 53.59153 ], [ -113.41355, 53.59152 ], [ -113.41165, 53.59182 ], [ -113.41101, 53.5926 ], [ -113.40979, 53.59247 ], [ -113.40877, 53.5918 ], [ -113.40509, 53.59165 ], [ -113.40282, 53.59091 ] ] ] } },
{ "type": "Feature", "properties": { "pc": 0.0, "ty": "Between mature and Henday", "ut": 0.0, "pt": 0, "pg": null, "p21": 8560.0, "rs": 308, "di": "Mill Woods and Meadows", "yb": 2005, "p71": null, "id": 6442, "wd": "Sspomitapi", "nm": "Silver Berry" }, "geometry": { "type": "Polygon", "coordinates": [ [ [ -113.36892, 53.46567 ], [ -113.37189, 53.46571 ], [ -113.37579, 53.46542 ], [ -113.37667, 53.46551 ], [ -113.37715, 53.46684 ], [ -113.37901, 53.4676 ], [ -113.38351, 53.46572 ], [ -113.3843, 53.46431 ], [ -113.38662, 53.46407 ], [ -113.38906, 53.46466 ], [ -113.39247, 53.46627 ], [ -113.39378, 53.46653 ], [ -113.3938, 53.46545 ], [ -113.39385, 53.46348 ], [ -113.3938, 53.45384 ], [ -113.38476, 53.45399 ], [ -113.3779, 53.45402 ], [ -113.36901, 53.45399 ], [ -113.36901, 53.45409 ], [ -113.36892, 53.46567 ] ] ] } },
{ "type": "Feature", "properties": { "pc": 0.0, "ty": "Between mature and Henday", "ut": 0.0, "pt": 0, "pg": null, "p21": 2140.0, "rs": 192, "di": "Whitemud", "yb": 1981, "p71": null, "id": 5460, "wd": "Ipiihkoohkanipiaohtsi", "nm": "Skyrattler" }, "geometry": { "type": "Polygon", "coordinates": [ [ [ -113.51639, 53.44751 ], [ -113.51645, 53.45395 ], [ -113.53402, 53.45397 ], [ -113.53424, 53.45195 ], [ -113.53225, 53.45257 ], [ -113.53041, 53.45178 ], [ -113.52872, 53.44962 ], [ -113.5276, 53.44874 ], [ -113.52667, 53.4491 ], [ -113.52336, 53.44856 ], [ -113.52026, 53.44752 ], [ -113.51637, 53.44668 ], [ -113.51639, 53.44751 ] ] ] } },
{ "type": "Feature", "properties": { "pc": 0.0, "ty": "Between mature and Henday", "ut": 0.0, "pt": 0, "pg": null, "p21": 9460.0, "rs": 390, "di": "Whitemud", "yb": 2006, "p71": null, "id": 5642, "wd": "pihêsiwin", "nm": "South Terwillegar" }, "geometry": { "type": "Polygon", "coordinates": [ [ [ -113.59009, 53.44669 ], [ -113.59111, 53.44473 ], [ -113.59255, 53.44012 ], [ -113.59052, 53.43773 ], [ -113.58772, 53.43591 ], [ -113.58469, 53.43449 ], [ -113.57697, 53.4338 ], [ -113.57494, 53.43497 ], [ -113.57306, 53.43576 ], [ -113.56914, 53.43688 ], [ -113.56719, 53.43774 ], [ -113.56587, 53.43902 ], [ -113.56555, 53.43998 ], [ -113.56552, 53.44467 ], [ -113.58587, 53.44468 ], [ -113.58588, 53.44424 ], [ -113.58887, 53.44423 ], [ -113.58982, 53.44379 ], [ -113.59009, 53.44669 ] ] ] } },
{ "type": "Feature", "properties": { "pc": 0.05371, "ty": "Mature", "ut": 118.0, "pt": 21, "pg": -0.4941, "p21": 1725.0, "rs": 391, "di": "North Central", "yb": 1949, "p71": 3410.0, "id": 1230, "wd": "O-day'min", "nm": "Spruce Avenue" }, "geometry": { "type": "Polygon", "coordinates": [ [ [ -113.51231, 53.56248 ], [ -113.50391, 53.5589 ], [ -113.49371, 53.55889 ], [ -113.49185, 53.55902 ], [ -113.49173, 53.55947 ], [ -113.49182, 53.56991 ], [ -113.49203, 53.57038 ], [ -113.50292, 53.57036 ], [ -113.50305, 53.56639 ], [ -113.51231, 53.56248 ] ] ] } },
{ "type": "Feature", "properties": { "pc": 0.0, "ty": "Between mature and Henday", "ut": 0.0, "pt": 0, "pg": null, "p21": 2020.0, "rs": 569, "di": "Whitemud", "yb": 1975, "p71": null, "id": 5470, "wd": "Ipiihkoohkanipiaohtsi", "nm": "Steinhauer" }, "geometry": { "type": "Polygon", "coordinates": [ [ [ -113.51636, 53.4658 ], [ -113.51647, 53.46131 ], [ -113.4952, 53.46134 ], [ -113.49308, 53.46134 ], [ -113.4953, 53.46415 ], [ -113.4958, 53.46518 ], [ -113.49619, 53.46777 ], [ -113.50415, 53.46779 ], [ -113.50792, 53.46722 ], [ -113.51327, 53.46608 ], [ -113.51636, 53.4658 ] ] ] } },
{ "type": "Feature", "properties": { "pc": 0.00728, "ty": "Mature", "ut": 18.0, "pt": 8, "pg": 0.0341, "p21": 8795.0, "rs": 1099, "di": "Scona", "yb": 1949, "p71": 8505.0, "id": 5480, "wd": "papastew", "nm": "Strathcona" }, "geometry": { "type": "Polygon", "coordinates": [ [ [ -113.47566, 53.51804 ], [ -113.47606, 53.51988 ], [ -113.47773, 53.51997 ], [ -113.47823, 53.52263 ], [ -113.47936, 53.52317 ], [ -113.47935, 53.52492 ], [ -113.48112, 53.52549 ], [ -113.48273, 53.52682 ], [ -113.48324, 53.52779 ], [ -113.48045, 53.52776 ], [ -113.48044, 53.52823 ], [ -113.48271, 53.52825 ], [ -113.48272, 53.52983 ], [ -113.48467, 53.5311 ], [ -113.48541, 53.5311 ], [ -113.48541, 53.53331 ], [ -113.48456, 53.53362 ], [ -113.48486, 53.53561 ], [ -113.48611, 53.53551 ], [ -113.48672, 53.53432 ], [ -113.48679, 53.53233 ], [ -113.48551, 53.53172 ], [ -113.48558, 53.53087 ], [ -113.4851, 53.52945 ], [ -113.48535, 53.52827 ], [ -113.48645, 53.52731 ], [ -113.48873, 53.52672 ], [ -113.49168, 53.52671 ], [ -113.49215, 53.52624 ], [ -113.49184, 53.52468 ], [ -113.49477, 53.52386 ], [ -113.49755, 53.52338 ], [ -113.50395, 53.52315 ], [ -113.50631, 53.5234 ], [ -113.50631, 53.51809 ], [ -113.49757, 53.51807 ], [ -113.49382, 53.51807 ], [ -113.47566, 53.51804 ] ] ] } },
{ "type": "Feature", "properties": { "pc": 0.04976, "ty": "Mature", "ut": 125.0, "pt": 31, "pg": -0.283, "p21": 2445.0, "rs": 623, "di": "Southeast", "yb": 1954, "p71": 3410.0, "id": 6710, "wd": "Métis", "nm": "Strathearn" }, "geometry": { "type": "Polygon", "coordinates": [ [ [ -113.45587, 53.53545 ], [ -113.45895, 53.53607 ], [ -113.45886, 53.53703 ], [ -113.46058, 53.5373 ], [ -113.46373, 53.53706 ], [ -113.46359, 53.53608 ], [ -113.47295, 53.53231 ], [ -113.47113, 53.5316 ], [ -113.46836, 53.52999 ], [ -113.46299, 53.52759 ], [ -113.45918, 53.52543 ], [ -113.45747, 53.52526 ], [ -113.45752, 53.53287 ], [ -113.45587, 53.53545 ] ] ] } },
{ "type": "Feature", "properties": { "pc": 0.0, "ty": "Between mature and Henday", "ut": 0.0, "pt": 0, "pg": 6.7, "p21": 1925.0, "rs": 301, "di": "West Edmonton", "yb": 1980, "p71": 250.0, "id": 4520, "wd": "sipiwiyiniwak", "nm": "Summerlea" }, "geometry": { "type": "Polygon", "coordinates": [ [ [ -113.63039, 53.52857 ], [ -113.62997, 53.52632 ], [ -113.62999, 53.52375 ], [ -113.63047, 53.52129 ], [ -113.62732, 53.52089 ], [ -113.62176, 53.51997 ], [ -113.6188, 53.51965 ], [ -113.61532, 53.51955 ], [ -113.61536, 53.52486 ], [ -113.61516, 53.53169 ], [ -113.61884, 53.53162 ], [ -113.62178, 53.53086 ], [ -113.62461, 53.52956 ], [ -113.62696, 53.52885 ], [ -113.63039, 53.52857 ] ] ] } },
{ "type": "Feature", "properties": { "pc": 0.0, "ty": "Between mature and Henday", "ut": 0.0, "pt": 0, "pg": null, "p21": 2565.0, "rs": 447, "di": "Whitemud", "yb": 1976, "p71": null, "id": 5490, "wd": "Ipiihkoohkanipiaohtsi", "nm": "Sweet Grass" }, "geometry": { "type": "Polygon", "coordinates": [ [ [ -113.51647, 53.46131 ], [ -113.51636, 53.4658 ], [ -113.51911, 53.46581 ], [ -113.53067, 53.46732 ], [ -113.53376, 53.46746 ], [ -113.53871, 53.46745 ], [ -113.53882, 53.46184 ], [ -113.53876, 53.4613 ], [ -113.52734, 53.46131 ], [ -113.52733, 53.46118 ], [ -113.51647, 53.46117 ], [ -113.51647, 53.46131 ] ] ] } },
{ "type": "Feature", "properties": { "pc": 0.0, "ty": "Between mature and Henday", "ut": 0.0, "pt": 0, "pg": null, "p21": 6965.0, "rs": 211, "di": "Mill Woods and Meadows", "yb": 2013, "p71": null, "id": 6443, "wd": "Sspomitapi", "nm": "Tamarack" }, "geometry": { "type": "Polygon", "coordinates": [ [ [ -113.34932, 53.46183 ], [ -113.35096, 53.46417 ], [ -113.35429, 53.46869 ], [ -113.35931, 53.47585 ], [ -113.36416, 53.48299 ], [ -113.36636, 53.48218 ], [ -113.36883, 53.48197 ], [ -113.36872, 53.47714 ], [ -113.36863, 53.47569 ], [ -113.36866, 53.46895 ], [ -113.36892, 53.46843 ], [ -113.36892, 53.46567 ], [ -113.36901, 53.45409 ], [ -113.36569, 53.45412 ], [ -113.36291, 53.45489 ], [ -113.3615, 53.45408 ], [ -113.35672, 53.45396 ], [ -113.35669, 53.46181 ], [ -113.34932, 53.46183 ] ] ] } },
{ "type": "Feature", "properties": { "pc": 0.00734, "ty": "Mature", "ut": 6.0, "pt": 4, "pg": -0.4562, "p21": 1985.0, "rs": 545, "di": "Southeast", "yb": 1959, "p71": 3650.0, "id": 6730, "wd": "Métis", "nm": "Terrace Heights" }, "geometry": { "type": "Polygon", "coordinates": [ [ [ -113.42935, 53.54232 ], [ -113.43091, 53.5423 ], [ -113.4309, 53.54119 ], [ -113.43229, 53.54119 ], [ -113.43225, 53.54305 ], [ -113.43451, 53.54305 ], [ -113.43451, 53.54391 ], [ -113.43619, 53.54508 ], [ -113.43795, 53.54516 ], [ -113.43994, 53.54577 ], [ -113.44061, 53.54665 ], [ -113.44199, 53.54662 ], [ -113.44329, 53.54538 ], [ -113.44332, 53.54378 ], [ -113.44326, 53.53786 ], [ -113.44294, 53.53753 ], [ -113.43322, 53.53755 ], [ -113.43012, 53.53815 ], [ -113.42662, 53.53973 ], [ -113.42107, 53.54118 ], [ -113.42935, 53.54118 ], [ -113.42935, 53.54232 ] ] ] } },
{ "type": "Feature", "properties": { "pc": 0.0, "ty": "Between mature and Henday", "ut": 0.0, "pt": 0, "pg": null, "p21": 6060.0, "rs": 330, "di": "Whitemud", "yb": 2002, "p71": null, "id": 5640, "wd": "pihêsiwin", "nm": "Terwillegar Towne" }, "geometry": { "type": "Polygon", "coordinates": [ [ [ -113.56551, 53.45404 ], [ -113.57354, 53.45407 ], [ -113.57611, 53.45426 ], [ -113.58013, 53.45494 ], [ -113.58918, 53.45755 ], [ -113.5895, 53.45491 ], [ -113.58958, 53.45138 ], [ -113.5901, 53.45031 ], [ -113.59009, 53.44669 ], [ -113.58982, 53.44379 ], [ -113.58887, 53.44423 ], [ -113.58588, 53.44424 ], [ -113.58587, 53.44468 ], [ -113.56552, 53.44467 ], [ -113.56551, 53.45404 ] ] ] } },
{ "type": "Feature", "properties": { "pc": 0.0, "ty": "Between mature and Henday", "ut": 0.0, "pt": 0, "pg": 4.8115, "p21": 3545.0, "rs": 424, "di": "West Edmonton", "yb": 1972, "p71": 610.0, "id": 4560, "wd": "sipiwiyiniwak", "nm": "Thorncliff" }, "geometry": { "type": "Polygon", "coordinates": [ [ [ -113.61532, 53.51955 ], [ -113.6188, 53.51965 ], [ -113.62176, 53.51997 ], [ -113.62732, 53.52089 ], [ -113.63047, 53.52129 ], [ -113.63064, 53.51914 ], [ -113.63005, 53.51489 ], [ -113.62991, 53.51217 ], [ -113.61525, 53.51211 ], [ -113.61532, 53.51955 ] ] ] } },
{ "type": "Feature", "properties": { "pc": 0.00215, "ty": "Between mature and Henday", "ut": 8.0, "pt": 1, "pg": null, "p21": 2775.0, "rs": 466, "di": "Mill Woods and Meadows", "yb": 1977, "p71": null, "id": 6750, "wd": "Karhiio", "nm": "Tipaskan" }, "geometry": { "type": "Polygon", "coordinates": [ [ [ -113.45055, 53.46485 ], [ -113.46006, 53.4653 ], [ -113.4665, 53.46532 ], [ -113.46635, 53.45886 ], [ -113.45681, 53.45884 ], [ -113.44806, 53.45847 ], [ -113.44813, 53.45999 ], [ -113.45038, 53.46298 ], [ -113.45055, 53.46485 ] ] ] } },
{ "type": "Feature", "properties": { "pc": 0.00176, "ty": "Between mature and Henday", "ut": 6.0, "pt": 1, "pg": null, "p21": 3080.0, "rs": 568, "di": "Mill Woods and Meadows", "yb": 1974, "p71": null, "id": 6760, "wd": "Karhiio", "nm": "Tweddle Place" }, "geometry": { "type": "Polygon", "coordinates": [ [ [ -113.45327, 53.48482 ], [ -113.45676, 53.48443 ], [ -113.46131, 53.48374 ], [ -113.46647, 53.48284 ], [ -113.46627, 53.47889 ], [ -113.46642, 53.47412 ], [ -113.45892, 53.47408 ], [ -113.45561, 53.47312 ], [ -113.45363, 53.47191 ], [ -113.45172, 53.47298 ], [ -113.44956, 53.47376 ], [ -113.45157, 53.47689 ], [ -113.45208, 53.47861 ], [ -113.45256, 53.48235 ], [ -113.45327, 53.48482 ] ] ] } },
{ "type": "Feature", "properties": { "pc": 0.0, "ty": "Between mature and Henday", "ut": 0.0, "pt": 0, "pg": null, "p21": 6195.0, "rs": 1762, "di": "Whitemud", "yb": 1995, "p71": null, "id": 5511, "wd": "Ipiihkoohkanipiaohtsi", "nm": "Twin Brooks" }, "geometry": { "type": "Polygon", "coordinates": [ [ [ -113.54087, 53.45086 ], [ -113.54299, 53.4521 ], [ -113.54205, 53.45029 ], [ -113.54278, 53.44906 ], [ -113.54391, 53.44899 ], [ -113.54468, 53.44808 ], [ -113.54403, 53.44733 ], [ -113.54471, 53.4461 ], [ -113.54295, 53.44533 ], [ -113.54211, 53.44462 ], [ -113.54171, 53.44331 ], [ -113.5429, 53.4422 ], [ -113.54211, 53.44184 ], [ -113.54173, 53.43947 ], [ -113.54207, 53.43899 ], [ -113.54197, 53.43712 ], [ -113.54126, 53.43642 ], [ -113.53951, 53.4387 ], [ -113.53858, 53.43852 ], [ -113.53903, 53.43652 ], [ -113.5253, 53.43713 ], [ -113.51933, 53.43802 ], [ -113.51901, 53.4394 ], [ -113.51693, 53.43941 ], [ -113.51538, 53.4383 ], [ -113.51187, 53.43847 ], [ -113.51069, 53.43989 ], [ -113.51127, 53.44069 ], [ -113.51159, 53.4425 ], [ -113.51261, 53.44274 ], [ -113.51365, 53.44379 ], [ -113.51434, 53.44345 ], [ -113.51757, 53.44363 ], [ -113.51937, 53.44476 ], [ -113.52102, 53.4447 ], [ -113.52198, 53.44522 ], [ -113.52362, 53.44535 ], [ -113.52623, 53.44511 ], [ -113.5273, 53.44652 ], [ -113.52933, 53.4467 ], [ -113.53052, 53.44716 ], [ -113.53104, 53.44818 ], [ -113.53234, 53.44913 ], [ -113.53244, 53.44981 ], [ -113.53458, 53.44962 ], [ -113.53782, 53.45094 ], [ -113.53848, 53.45066 ], [ -113.54087, 53.45086 ] ] ] } },
{ "type": "Feature", "properties": { "pc": 0.0, "ty": "Mature", "ut": 0.0, "pt": 0, "pg": -0.3857, "p21": 215.0, "rs": 8, "di": "Scona", "yb": 1979, "p71": 350.0, "id": 5520, "wd": "papastew", "nm": "University Of Alberta" }, "geometry": { "type": "Polygon", "coordinates": [ [ [ -113.515, 53.52575 ], [ -113.51807, 53.52675 ], [ -113.52085, 53.52838 ], [ -113.52427, 53.52957 ], [ -113.5269, 53.52997 ], [ -113.53074, 53.53089 ], [ -113.53068, 53.5229 ], [ -113.53249, 53.52291 ], [ -113.53245, 53.5186 ], [ -113.53292, 53.51764 ], [ -113.53156, 53.51741 ], [ -113.52431, 53.51626 ], [ -113.52308, 53.51628 ], [ -113.52163, 53.51694 ], [ -113.52075, 53.5181 ], [ -113.52079, 53.5229 ], [ -113.51501, 53.52289 ], [ -113.515, 53.52575 ] ] ] } },
{ "type": "Feature", "properties": { "pc": 0.00662, "ty": "Mature", "ut": 2.0, "pt": 1, "pg": -0.1562, "p21": 540.0, "rs": 151, "di": "North Central", "yb": 1950, "p71": 640.0, "id": 1240, "wd": "Métis", "nm": "Virginia Park" }, "geometry": { "type": "Polygon", "coordinates": [ [ [ -113.46161, 53.56273 ], [ -113.4616, 53.5612 ], [ -113.45701, 53.56121 ], [ -113.45621, 53.55943 ], [ -113.45193, 53.5595 ], [ -113.45016, 53.55759 ], [ -113.44819, 53.55824 ], [ -113.44441, 53.55976 ], [ -113.44267, 53.56017 ], [ -113.44652, 53.56286 ], [ -113.44875, 53.56239 ], [ -113.45044, 53.56419 ], [ -113.45473, 53.56417 ], [ -113.45794, 53.56371 ], [ -113.46161, 53.56372 ], [ -113.46161, 53.56273 ] ] ] } },
{ "type": "Feature", "properties": { "pc": 0.0, "ty": "Between mature and Henday", "ut": 0.0, "pt": 0, "pg": null, "p21": 1500.0, "rs": 491, "di": "West Edmonton", "yb": 1993, "p71": null, "id": 4570, "wd": "sipiwiyiniwak", "nm": "Wedgewood Heights" }, "geometry": { "type": "Polygon", "coordinates": [ [ [ -113.65186, 53.48189 ], [ -113.6514, 53.48031 ], [ -113.65139, 53.47496 ], [ -113.6499, 53.47408 ], [ -113.64826, 53.47378 ], [ -113.64796, 53.47433 ], [ -113.64616, 53.47416 ], [ -113.64513, 53.47445 ], [ -113.64236, 53.47599 ], [ -113.64249, 53.47653 ], [ -113.64514, 53.47641 ], [ -113.64526, 53.47693 ], [ -113.64297, 53.47769 ], [ -113.64086, 53.47736 ], [ -113.64037, 53.47805 ], [ -113.64142, 53.4784 ], [ -113.64267, 53.47988 ], [ -113.64207, 53.48003 ], [ -113.63967, 53.47857 ], [ -113.63786, 53.47873 ], [ -113.63787, 53.47924 ], [ -113.63474, 53.47926 ], [ -113.63274, 53.48063 ], [ -113.63968, 53.48149 ], [ -113.64412, 53.48199 ], [ -113.64523, 53.48314 ], [ -113.64578, 53.48451 ], [ -113.6483, 53.48379 ], [ -113.65186, 53.48189 ] ] ] } },
{ "type": "Feature", "properties": { "pc": 0.00127, "ty": "Between mature and Henday", "ut": 1.0, "pt": 1, "pg": null, "p21": 3065.0, "rs": 785, "di": "Mill Woods and Meadows", "yb": 1982, "p71": null, "id": 6770, "wd": "Sspomitapi", "nm": "Weinlos" }, "geometry": { "type": "Polygon", "coordinates": [ [ [ -113.42042, 53.46506 ], [ -113.42078, 53.46357 ], [ -113.42087, 53.45854 ], [ -113.42008, 53.45476 ], [ -113.41639, 53.45522 ], [ -113.41313, 53.45545 ], [ -113.40908, 53.45536 ], [ -113.40846, 53.45769 ], [ -113.40701, 53.45946 ], [ -113.4063, 53.46124 ], [ -113.40672, 53.46403 ], [ -113.42042, 53.46506 ] ] ] } },
{ "type": "Feature", "properties": { "pc": 0.00949, "ty": "Mature", "ut": 37.0, "pt": 9, "pg": -0.3649, "p21": 3290.0, "rs": 948, "di": "Northwest", "yb": 1959, "p71": 5180.0, "id": 3430, "wd": "Anirniq", "nm": "Wellington" }, "geometry": { "type": "Polygon", "coordinates": [ [ [ -113.54116, 53.59941 ], [ -113.56193, 53.59948 ], [ -113.56426, 53.59945 ], [ -113.56418, 53.59332 ], [ -113.56254, 53.59219 ], [ -113.56236, 53.5923 ], [ -113.55604, 53.59231 ], [ -113.55349, 53.59221 ], [ -113.54117, 53.59219 ], [ -113.54116, 53.59941 ] ] ] } },
{ "type": "Feature", "properties": { "pc": 0.08466, "ty": "Mature", "ut": 243.0, "pt": 48, "pg": -0.0137, "p21": 2885.0, "rs": 567, "di": "Jasper Place", "yb": 1980, "p71": 2925.0, "id": 4580, "wd": "Nakota Isga", "nm": "West Jasper Place" }, "geometry": { "type": "Polygon", "coordinates": [ [ [ -113.578, 53.53152 ], [ -113.57804, 53.54125 ], [ -113.57805, 53.54174 ], [ -113.57977, 53.54131 ], [ -113.59033, 53.5413 ], [ -113.59035, 53.53153 ], [ -113.578, 53.53152 ] ] ] } },
{ "type": "Feature", "properties": { "pc": 0.00532, "ty": "Mature", "ut": 13.0, "pt": 3, "pg": -0.2912, "p21": 2885.0, "rs": 564, "di": "Jasper Place", "yb": 1964, "p71": 4070.0, "id": 4590, "wd": "sipiwiyiniwak", "nm": "West Meadowlark Park" }, "geometry": { "type": "Polygon", "coordinates": [ [ [ -113.61516, 53.53169 ], [ -113.61536, 53.52486 ], [ -113.61532, 53.51955 ], [ -113.60288, 53.51952 ], [ -113.6027, 53.5316 ], [ -113.61516, 53.53169 ] ] ] } },
{ "type": "Feature", "properties": { "pc": 0.00341, "ty": "Mature", "ut": 1.0, "pt": 1, "pg": 0.8333, "p21": 1210.0, "rs": 293, "di": "Whitemud", "yb": 1971, "p71": 660.0, "id": 5540, "wd": "papastew", "nm": "Westbrook Estates" }, "geometry": { "type": "Polygon", "coordinates": [ [ [ -113.55067, 53.47458 ], [ -113.55222, 53.47458 ], [ -113.55255, 53.47345 ], [ -113.55545, 53.47251 ], [ -113.55684, 53.47174 ], [ -113.55601, 53.47095 ], [ -113.55149, 53.46893 ], [ -113.55274, 53.46857 ], [ -113.55365, 53.46908 ], [ -113.55599, 53.46959 ], [ -113.5575, 53.47053 ], [ -113.55829, 53.46983 ], [ -113.55787, 53.46879 ], [ -113.55647, 53.46913 ], [ -113.55483, 53.46888 ], [ -113.55332, 53.46797 ], [ -113.55332, 53.46737 ], [ -113.55132, 53.46703 ], [ -113.55057, 53.46614 ], [ -113.551, 53.46439 ], [ -113.54977, 53.46466 ], [ -113.54754, 53.46443 ], [ -113.54642, 53.46389 ], [ -113.54619, 53.46316 ], [ -113.54674, 53.46185 ], [ -113.53882, 53.46184 ], [ -113.53871, 53.46745 ], [ -113.53867, 53.47267 ], [ -113.54097, 53.47266 ], [ -113.54331, 53.47303 ], [ -113.54331, 53.47407 ], [ -113.55044, 53.47408 ], [ -113.55067, 53.47458 ] ] ] } },
{ "type": "Feature", "properties": { "pc": 0.03156, "ty": "Mature", "ut": 176.0, "pt": 35, "pg": -0.1725, "p21": 6165.0, "rs": 1109, "di": "Central", "yb": 1956, "p71": 7450.0, "id": 3440, "wd": "O-day'min", "nm": "Westmount" }, "geometry": { "type": "Polygon", "coordinates": [ [ [ -113.53091, 53.5499 ], [ -113.5309, 53.55889 ], [ -113.5514, 53.55892 ], [ -113.55086, 53.55712 ], [ -113.55079, 53.55291 ], [ -113.5498, 53.55098 ], [ -113.54863, 53.54945 ], [ -113.54481, 53.548 ], [ -113.54408, 53.54642 ], [ -113.542, 53.54601 ], [ -113.54133, 53.54449 ], [ -113.54026, 53.54381 ], [ -113.53886, 53.54383 ], [ -113.53938, 53.54236 ], [ -113.54018, 53.54206 ], [ -113.53873, 53.54114 ], [ -113.53599, 53.54112 ], [ -113.53588, 53.54142 ], [ -113.53589, 53.54689 ], [ -113.53083, 53.54626 ], [ -113.53091, 53.5499 ] ] ] } },
{ "type": "Feature", "properties": { "pc": 0.0, "ty": "Between mature and Henday", "ut": 0.0, "pt": 0, "pg": null, "p21": 1365.0, "rs": 455, "di": "West Edmonton", "yb": 1976, "p71": null, "id": 4610, "wd": "sipiwiyiniwak", "nm": "Westridge" }, "geometry": { "type": "Polygon", "coordinates": [ [ [ -113.61153, 53.51153 ], [ -113.6119, 53.5121 ], [ -113.61525, 53.51211 ], [ -113.61545, 53.50467 ], [ -113.61014, 53.50464 ], [ -113.60822, 53.50511 ], [ -113.60903, 53.50616 ], [ -113.60702, 53.50598 ], [ -113.60468, 53.50524 ], [ -113.60259, 53.5042 ], [ -113.60092, 53.50266 ], [ -113.59911, 53.50252 ], [ -113.59602, 53.5006 ], [ -113.59549, 53.49948 ], [ -113.59378, 53.49994 ], [ -113.59474, 53.5016 ], [ -113.59341, 53.50123 ], [ -113.59302, 53.50224 ], [ -113.59568, 53.50356 ], [ -113.59681, 53.50443 ], [ -113.5964, 53.50496 ], [ -113.59742, 53.50682 ], [ -113.59866, 53.50735 ], [ -113.60202, 53.50795 ], [ -113.60465, 53.50882 ], [ -113.60648, 53.50854 ], [ -113.60769, 53.509 ], [ -113.60966, 53.50922 ], [ -113.61086, 53.51001 ], [ -113.61153, 53.51153 ] ], [ [ -113.61106, 53.50641 ], [ -113.61499, 53.50598 ], [ -113.61499, 53.50673 ], [ -113.61107, 53.5067 ], [ -113.61106, 53.50641 ] ] ] } },
{ "type": "Feature", "properties": { "pc": 0.05063, "ty": "Mature", "ut": 133.0, "pt": 24, "pg": -0.3092, "p21": 3005.0, "rs": 474, "di": "North Central", "yb": 1953, "p71": 4350.0, "id": 1250, "wd": "O-day'min", "nm": "Westwood" }, "geometry": { "type": "Polygon", "coordinates": [ [ [ -113.49226, 53.57662 ], [ -113.49213, 53.58148 ], [ -113.49649, 53.58153 ], [ -113.50511, 53.58139 ], [ -113.50489, 53.57944 ], [ -113.50484, 53.57513 ], [ -113.50313, 53.57354 ], [ -113.50292, 53.57036 ], [ -113.49203, 53.57038 ], [ -113.49228, 53.57091 ], [ -113.49226, 53.57662 ] ] ] } },
{ "type": "Feature", "properties": { "pc": 0.0, "ty": "Between mature and Henday", "ut": 0.0, "pt": 0, "pg": null, "p21": 8550.0, "rs": 808, "di": "Mill Woods and Meadows", "yb": 2000, "p71": null, "id": 6790, "wd": "Sspomitapi", "nm": "Wild Rose" }, "geometry": { "type": "Polygon", "coordinates": [ [ [ -113.36872, 53.47714 ], [ -113.37479, 53.47714 ], [ -113.37825, 53.47676 ], [ -113.38012, 53.47621 ], [ -113.38533, 53.47397 ], [ -113.38757, 53.47334 ], [ -113.39026, 53.47296 ], [ -113.39364, 53.47293 ], [ -113.39378, 53.46653 ], [ -113.39247, 53.46627 ], [ -113.38906, 53.46466 ], [ -113.38662, 53.46407 ], [ -113.3843, 53.46431 ], [ -113.38351, 53.46572 ], [ -113.37901, 53.4676 ], [ -113.37715, 53.46684 ], [ -113.37667, 53.46551 ], [ -113.37579, 53.46542 ], [ -113.37189, 53.46571 ], [ -113.36892, 53.46567 ], [ -113.36892, 53.46843 ], [ -113.36866, 53.46895 ], [ -113.36863, 53.47569 ], [ -113.36872, 53.47714 ] ] ] } },
{ "type": "Feature", "properties": { "pc": 0.04715, "ty": "Mature", "ut": 121.0, "pt": 24, "pg": -0.1217, "p21": 1480.0, "rs": 509, "di": "Scona", "yb": 1961, "p71": 1685.0, "id": 5580, "wd": "papastew", "nm": "Windsor Park" }, "geometry": { "type": "Polygon", "coordinates": [ [ [ -113.53074, 53.53089 ], [ -113.53405, 53.53146 ], [ -113.53633, 53.53041 ], [ -113.53732, 53.52854 ], [ -113.53902, 53.52761 ], [ -113.53954, 53.52672 ], [ -113.54079, 53.52576 ], [ -113.54115, 53.52478 ], [ -113.54209, 53.52442 ], [ -113.54126, 53.52314 ], [ -113.54148, 53.52221 ], [ -113.53875, 53.52073 ], [ -113.53767, 53.51871 ], [ -113.53671, 53.51832 ], [ -113.53292, 53.51764 ], [ -113.53245, 53.5186 ], [ -113.53249, 53.52291 ], [ -113.53068, 53.5229 ], [ -113.53074, 53.53089 ] ] ] } },
{ "type": "Feature", "properties": { "pc": 0.00942, "ty": "Mature", "ut": 24.0, "pt": 5, "pg": 0.0019, "p21": 2695.0, "rs": 531, "di": "Central", "yb": 1955, "p71": 2690.0, "id": 3450, "wd": "Anirniq", "nm": "Woodcroft" }, "geometry": { "type": "Polygon", "coordinates": [ [ [ -113.56579, 53.57037 ], [ -113.56572, 53.56581 ], [ -113.56584, 53.56522 ], [ -113.5658, 53.55936 ], [ -113.56568, 53.55882 ], [ -113.55234, 53.55884 ], [ -113.5514, 53.55892 ], [ -113.55145, 53.56356 ], [ -113.54968, 53.56594 ], [ -113.54947, 53.56683 ], [ -113.54938, 53.57028 ], [ -113.56138, 53.57031 ], [ -113.56579, 53.57037 ] ] ] } },
{ "type": "Feature", "properties": { "pc": 0.0, "ty": "Mature", "ut": 0.0, "pt": 0, "pg": 0.0424, "p21": 4055.0, "rs": 876, "di": "Northeast", "yb": 1967, "p71": 3890.0, "id": 2720, "wd": "Dene", "nm": "York" }, "geometry": { "type": "Polygon", "coordinates": [ [ [ -113.41763, 53.60691 ], [ -113.43047, 53.60685 ], [ -113.43139, 53.60658 ], [ -113.43435, 53.60502 ], [ -113.43529, 53.60484 ], [ -113.44281, 53.60484 ], [ -113.44294, 53.59966 ], [ -113.43515, 53.59951 ], [ -113.42451, 53.5995 ], [ -113.42117, 53.59878 ], [ -113.4169, 53.60233 ], [ -113.41851, 53.60379 ], [ -113.41839, 53.60508 ], [ -113.41763, 53.60691 ] ] ] } }
]
}
